Workbook
Name Excel_BuiltIn__FilterDatabase: Вторник!$A$1:$H$65497
Name Excel_BuiltIn__FilterDatabase: ПН!$B$2:$D$47
Name Excel_BuiltIn__FilterDatabase: Понедельник!$A$1:$I$151

Sheet Неделя
A1: Велес гоголя 180 | B1: 2.07 | C1: 1 | H1: 5 | I1: 1 | J1: 1 | K1: 1 | L1: 1 | M1: 1 | N1: =SUM(I1:M1)-H1 -> 0 | O1: =I1*B1 -> 2.07 | P1: =J1*B1 -> 2.07 | Q1: =K1*B1 -> 2.07 | R1: =L1*B1 -> 2.07 | S1: =M1*B1 -> 2.07
A2: Велес красина 180 | B2: 2.07 | C2: 1 | H2: 5 | I2: 1 | J2: 1 | K2: 1 | L2: 1 | M2: 1 | N2: =SUM(I2:M2)-H2 -> 0 | O2: =I2*B2 -> 2.07 | P2: =J2*B2 -> 2.07 | Q2: =K2*B2 -> 2.07 | R2: =L2*B2 -> 2.07 | S2: =M2*B2 -> 2.07
A3: департамент финансов советская 66-150 резаный | B3: 1.275 | D3: 1 | H3: 5 | I3: 1 | J3: 1 | K3: 1 | L3: 1 | M3: 1 | N3: =SUM(I3:M3)-H3 -> 0 | O3: =I3*B3 -> 1.275 | P3: =J3*B3 -> 1.275 | Q3: =K3*B3 -> 1.275 | R3: =L3*B3 -> 1.275 | S3: =M3*B3 -> 1.275
A4: метрополис к. Маркса -2x180, 2x150 | B4: =4.14+2.55 -> 6.69 | C4: 2 | D4: 2 | H4: 5 | I4: 1 | J4: 1 | K4: 1 | L4: 1 | M4: 1 | N4: =SUM(I4:M4)-H4 -> 0 | O4: =I4*B4 -> 6.69 | P4: =J4*B4 -> 6.69 | Q4: =K4*B4 -> 6.69 | R4: =L4*B4 -> 6.69 | S4: =M4*B4 -> 6.69
A5: метрополис Москва-2х180 | B5: 4.14 | C5: 2 | H5: 5 | I5: 1 | J5: 1 | K5: 1 | L5: 1 | M5: 1 | N5: =SUM(I5:M5)-H5 -> 0 | O5: =I5*B5 -> 4.14 | P5: =J5*B5 -> 4.14 | Q5: =K5*B5 -> 4.14 | R5: =L5*B5 -> 4.14 | S5: =M5*B5 -> 4.14
A6: МТС ленина 6 180 | B6: 2.07 | C6: 1 | H6: 5 | I6: 1 | J6: 1 | K6: 1 | L6: 1 | M6: 1 | N6: =SUM(I6:M6)-H6 -> 0 | O6: =I6*B6 -> 2.07 | P6: =J6*B6 -> 2.07 | Q6: =K6*B6 -> 2.07 | R6: =L6*B6 -> 2.07 | S6: =M6*B6 -> 2.07
A7: пальмира Ленина 5- 200 новый 150 нов | B7: =2.07+1.275 -> 3.345 | C7: 1 | D7: 1 | H7: 5 | I7: 1 | J7: 1 | K7: 1 | L7: 1 | M7: 1 | N7: =SUM(I7:M7)-H7 -> 0 | O7: =I7*B7 -> 3.345 | P7: =J7*B7 -> 3.345 | Q7: =K7*B7 -> 3.345 | R7: =L7*B7 -> 3.345 | S7: =M7*B7 -> 3.345
A8: чунунок к. Мяготина-2x180 | B8: 4.14 | C8: 2 | H8: 5 | I8: 1 | J8: 1 | K8: 1 | L8: 1 | M8: 1 | N8: =SUM(I8:M8)-H8 -> 0 | O8: =I8*B8 -> 4.14 | P8: =J8*B8 -> 4.14 | Q8: =K8*B8 -> 4.14 | R8: =L8*B8 -> 4.14 | S8: =M8*B8 -> 4.14
A9: Сбер академия 2х150 коричнев стар | B9: 2.55 | D9: 2 | H9: 4 | I9: 1 | J9: 1 | K9: 1 | L9: 1 | N9: =SUM(I9:M9)-H9 -> 0 | O9: =I9*B9 -> 2.55 | P9: =J9*B9 -> 2.55 | Q9: =K9*B9 -> 2.55 | R9: =L9*B9 -> 2.55 | S9: =M9*B9 -> 0
A10: Сбер красина 2х150 | B10: 2.55 | D10: 2 | H10: 4 | I10: 1 | J10: 1 | K10: 1 | L10: 1 | N10: =SUM(I10:M10)-H10 -> 0 | O10: =I10*B10 -> 2.55 | P10: =J10*B10 -> 2.55 | Q10: =K10*B10 -> 2.55 | R10: =L10*B10 -> 2.55 | S10: =M10*B10 -> 0
A11: сбербанк гоголя 98-3ий вход 1 х 150 | B11: =1*1.275 -> 1.275 | C11: 2 | D11: 5 | H11: 3 | I11: 1 | J11: 1 | K11: 1 | N11: =SUM(I11:M11)-H11 -> 0 | O11: =I11*B11 -> 1.275 | P11: =J11*B11 -> 1.275 | Q11: =K11*B11 -> 1.275 | R11: =L11*B11 -> 0 | S11: =M11*B11 -> 0
A12: сбербанк гоголя103- 2х150 коричневые | B12: 2.55 | D12: 2 | H12: 4 | I12: 1 | J12: 1 | K12: 1 | L12: 1 | N12: =SUM(I12:M12)-H12 -> 0 | O12: =I12*B12 -> 2.55 | P12: =J12*B12 -> 2.55 | Q12: =K12*B12 -> 2.55 | R12: =L12*B12 -> 2.55 | S12: =M12*B12 -> 0
A13: Велес дзержинского 180 | B13: 2.07 | C13: 1 | H13: 3 | I13: 1 | K13: 1 | M13: 1 | N13: =SUM(I13:M13)-H13 -> 0 | O13: =I13*B13 -> 2.07 | P13: =J13*B13 -> 0 | Q13: =K13*B13 -> 2.07 | R13: =L13*B13 -> 0 | S13: =M13*B13 -> 2.07
A14: велес юбилейный-150 новый | B14: 1.275 | D14: 1 | H14: 3 | I14: 1 | K14: 1 | M14: 1 | N14: =SUM(I14:M14)-H14 -> 0 | O14: =I14*B14 -> 1.275 | P14: =J14*B14 -> 0 | Q14: =K14*B14 -> 1.275 | R14: =L14*B14 -> 0 | S14: =M14*B14 -> 1.275
A15: газпроммежрегионгаз- 2x150, 180 | B15: =2.55+2.07 -> 4.62 | C15: 1 | H15: 3 | I15: 1 | K15: 1 | M15: 1 | N15: =SUM(I15:M15)-H15 -> 0 | O15: =I15*B15 -> 4.62 | P15: =J15*B15 -> 0 | Q15: =K15*B15 -> 4.62 | R15: =L15*B15 -> 0 | S15: =M15*B15 -> 4.62
A16: Кижк 400 рез, 180 | B16: =4+2.07 -> 6.07 | C16: 1 | F16: 1 | H16: 3 | I16: 1 | K16: 1 | M16: 1 | N16: =SUM(I16:M16)-H16 -> 0 | O16: =I16*B16 -> 6.07 | P16: =J16*B16 -> 0 | Q16: =K16*B16 -> 6.07 | R16: =L16*B16 -> 0 | S16: =M16*B16 -> 6.07
A17: кодак Кирова-150 старые | B17: 1.275 | D17: 1 | H17: 3 | I17: 1 | K17: 1 | M17: 1 | N17: =SUM(I17:M17)-H17 -> 0 | O17: =I17*B17 -> 1.275 | P17: =J17*B17 -> 0 | Q17: =K17*B17 -> 1.275 | R17: =L17*B17 -> 0 | S17: =M17*B17 -> 1.275
A18: мегаблин гоголя-180 | B18: 2.07 | C18: 1 | H18: 3 | I18: 1 | K18: 1 | M18: 1 | N18: =SUM(I18:M18)-H18 -> 0 | O18: =I18*B18 -> 2.07 | P18: =J18*B18 -> 0 | Q18: =K18*B18 -> 2.07 | R18: =L18*B18 -> 0 | S18: =M18*B18 -> 2.07
A19: Монетка гоголя 103 -180 | B19: 2.07 | C19: 1 | H19: 3 | I19: 1 | K19: 1 | M19: 1 | N19: =SUM(I19:M19)-H19 -> 0 | O19: =I19*B19 -> 2.07 | P19: =J19*B19 -> 0 | Q19: =K19*B19 -> 2.07 | R19: =L19*B19 -> 0 | S19: =M19*B19 -> 2.07
A20: Монетка кирова 180 | B20: 2.07 | C20: 1 | H20: 3 | I20: 1 | K20: 1 | M20: 1 | N20: =SUM(I20:M20)-H20 -> 0 | O20: =I20*B20 -> 2.07 | P20: =J20*B20 -> 0 | Q20: =K20*B20 -> 2.07 | R20: =L20*B20 -> 0 | S20: =M20*B20 -> 2.07
A21: Монетка красина 180 | B21: 2.07 | C21: 1 | H21: 3 | I21: 1 | K21: 1 | M21: 1 | N21: =SUM(I21:M21)-H21 -> 0 | O21: =I21*B21 -> 2.07 | P21: =J21*B21 -> 0 | Q21: =K21*B21 -> 2.07 | R21: =L21*B21 -> 0 | S21: =M21*B21 -> 2.07
A22: Монетка пушкина 49-180 | B22: 2.07 | C22: 1 | H22: 3 | I22: 1 | K22: 1 | M22: 1 | N22: =SUM(I22:M22)-H22 -> 0 | O22: =I22*B22 -> 2.07 | P22: =J22*B22 -> 0 | Q22: =K22*B22 -> 2.07 | R22: =L22*B22 -> 0 | S22: =M22*B22 -> 2.07
A23: Монтка Ленина М Горько 180 | B23: 2.07 | C23: 1 | H23: 3 | I23: 1 | K23: 1 | M23: 1 | N23: =SUM(I23:M23)-H23 -> 0 | O23: =I23*B23 -> 2.07 | P23: =J23*B23 -> 0 | Q23: =K23*B23 -> 2.07 | R23: =L23*B23 -> 0 | S23: =M23*B23 -> 2.07
A24: Мясной к. маркса 150 рез | B24: 1.275 | D24: 1 | H24: 3 | I24: 1 | K24: 1 | M24: 1 | N24: =SUM(I24:M24)-H24 -> 0 | O24: =I24*B24 -> 1.275 | P24: =J24*B24 -> 0 | Q24: =K24*B24 -> 1.275 | R24: =L24*B24 -> 0 | S24: =M24*B24 -> 1.275
A25: Мясной советская 39 180 | B25: 2.07 | C25: 1 | H25: 3 | I25: 1 | K25: 1 | M25: 1 | N25: =SUM(I25:M25)-H25 -> 0 | O25: =I25*B25 -> 2.07 | P25: =J25*B25 -> 0 | Q25: =K25*B25 -> 2.07 | R25: =L25*B25 -> 0 | S25: =M25*B25 -> 2.07
A26: Пальмира гоголя 150 | B26: 1.275 | D26: 1 | H26: 3 | I26: 1 | K26: 1 | M26: 1 | N26: =SUM(I26:M26)-H26 -> 0 | O26: =I26*B26 -> 1.275 | P26: =J26*B26 -> 0 | Q26: =K26*B26 -> 1.275 | R26: =L26*B26 -> 0 | S26: =M26*B26 -> 1.275
A27: пальмира юбилейный-180 НОВЫЙ | B27: 2.07 | C27: 1 | H27: 3 | I27: 1 | K27: 1 | M27: 1 | N27: =SUM(I27:M27)-H27 -> 0 | O27: =I27*B27 -> 2.07 | P27: =J27*B27 -> 0 | Q27: =K27*B27 -> 2.07 | R27: =L27*B27 -> 0 | S27: =M27*B27 -> 2.07
A28: прогресс Пролетарская-180, 60x80 | B28: =2.07+1.275 -> 3.345 | C28: 1 | E28: 1 | H28: 3 | I28: 1 | K28: 1 | M28: 1 | N28: =SUM(I28:M28)-H28 -> 0 | O28: =I28*B28 -> 3.345 | P28: =J28*B28 -> 0 | Q28: =K28*B28 -> 3.345 | R28: =L28*B28 -> 0 | S28: =M28*B28 -> 3.345
A29: прогресс советская 180, 150 новые | B29: =2.07+1.275 -> 3.345 | C29: 1 | D29: 1 | H29: 3 | I29: 1 | K29: 1 | M29: 1 | N29: =SUM(I29:M29)-H29 -> 0 | O29: =I29*B29 -> 3.345 | P29: =J29*B29 -> 0 | Q29: =K29*B29 -> 3.345 | R29: =L29*B29 -> 0 | S29: =M29*B29 -> 3.345
A30: сбербанк гоголя 98-1 вх 3Х150 коричневые | B30: =3*1.275 -> 3.825 | H30: 4 | I30: 1 | J30: 1 | K30: 1 | L30: 1 | N30: =SUM(I30:M30)-H30 -> 0 | O30: =I30*B30 -> 3.825 | P30: =J30*B30 -> 3.825 | Q30: =K30*B30 -> 3.825 | R30: =L30*B30 -> 3.825 | S30: =M30*B30 -> 0
A31: сбербанк гоголя 98-2ой вход 2х180 | B31: =2*2.07 -> 4.14 | H31: 3 | I31: 1 | J31: 1 | K31: 1 | N31: =SUM(I31:M31)-H31 -> 0 | O31: =I31*B31 -> 4.14 | P31: =J31*B31 -> 4.14 | Q31: =K31*B31 -> 4.14 | R31: =L31*B31 -> 0 | S31: =M31*B31 -> 0
A32: теремок Куйбышева -150 старый | B32: 1.275 | D32: 1 | H32: 3 | I32: 1 | K32: 1 | M32: 1 | N32: =SUM(I32:M32)-H32 -> 0 | O32: =I32*B32 -> 1.275 | P32: =J32*B32 -> 0 | Q32: =K32*B32 -> 1.275 | R32: =L32*B32 -> 0 | S32: =M32*B32 -> 1.275
A33: Тп 2х180 | B33: 4.14 | C33: 2 | H33: 3 | I33: 1 | K33: 1 | M33: 1 | N33: =SUM(I33:M33)-H33 -> 0 | O33: =I33*B33 -> 4.14 | P33: =J33*B33 -> 0 | Q33: =K33*B33 -> 4.14 | R33: =L33*B33 -> 0 | S33: =M33*B33 -> 4.14
A34: Хлеб да мясо 150 резаный хороший | B34: 1.275 | D34: 1 | H34: 3 | I34: 1 | K34: 1 | M34: 1 | N34: =SUM(I34:M34)-H34 -> 0 | O34: =I34*B34 -> 1.275 | P34: =J34*B34 -> 0 | Q34: =K34*B34 -> 1.275 | R34: =L34*B34 -> 0 | S34: =M34*B34 -> 1.275
A35: Яхонт ленина 150 | B35: 1.275 | D35: 1 | H35: 3 | I35: 1 | K35: 1 | M35: 1 | N35: =SUM(I35:M35)-H35 -> 0 | O35: =I35*B35 -> 1.275 | P35: =J35*B35 -> 0 | Q35: =K35*B35 -> 1.275 | R35: =L35*B35 -> 0 | S35: =M35*B35 -> 1.275
A36: Авангард банк красина 180 сер. 1 шт | B36: 2.07 | C36: 1 | H36: 2 | J36: 1 | M36: 1 | N36: =SUM(I36:M36)-H36 -> 0 | O36: =I36*B36 -> 0 | P36: =J36*B36 -> 2.07 | Q36: =K36*B36 -> 0 | R36: =L36*B36 -> 0 | S36: =M36*B36 -> 2.07
A37: Альфа банк гоголя 180 | B37: 2.07 | C37: 1 | H37: 2 | I37: 1 | L37: 1 | N37: =SUM(I37:M37)-H37 -> 0 | O37: =I37*B37 -> 2.07 | P37: =J37*B37 -> 0 | Q37: =K37*B37 -> 0 | R37: =L37*B37 -> 2.07 | S37: =M37*B37 -> 0
A38: Альфа банк Гоголя-красина 150 сер.нов.1 шт. | B38: 1.275 | D38: 1 | H38: 2 | J38: 1 | M38: 1 | N38: =SUM(I38:M38)-H38 -> 0 | O38: =I38*B38 -> 0 | P38: =J38*B38 -> 1.275 | Q38: =K38*B38 -> 0 | R38: =L38*B38 -> 0 | S38: =M38*B38 -> 1.275
A39: Альфа мед гоголя-2х180 | B39: 4.14 | C39: 2 | H39: 2 | I39: 1 | L39: 1 | N39: =SUM(I39:M39)-H39 -> 0 | O39: =I39*B39 -> 4.14 | P39: =J39*B39 -> 0 | Q39: =K39*B39 -> 0 | R39: =L39*B39 -> 4.14 | S39: =M39*B39 -> 0
A40: Альфа мед к.маркса -2х180,(ц.зд. Женщины, кометология) | B40: 4.14 | C40: 2 | H40: 2 | J40: 1 | M40: 1 | N40: =SUM(I40:M40)-H40 -> 0 | O40: =I40*B40 -> 0 | P40: =J40*B40 -> 4.14 | Q40: =K40*B40 -> 0 | R40: =L40*B40 -> 0 | S40: =M40*B40 -> 4.14
A41: Аннушка куйбышева 180 | B41: 2.07 | C41: 1 | H41: 2 | J41: 1 | M41: 1 | N41: =SUM(I41:M41)-H41 -> 0 | O41: =I41*B41 -> 0 | P41: =J41*B41 -> 2.07 | Q41: =K41*B41 -> 0 | R41: =L41*B41 -> 0 | S41: =M41*B41 -> 2.07
A42: Аптека гоголя 37-150 | B42: 1.275 | D42: 1 | H42: 2 | I42: 1 | L42: 1 | N42: =SUM(I42:M42)-H42 -> 0 | O42: =I42*B42 -> 1.275 | P42: =J42*B42 -> 0 | Q42: =K42*B42 -> 0 | R42: =L42*B42 -> 1.275 | S42: =M42*B42 -> 0
A43: Аптека гоголя 9-150 | B43: 1.275 | D43: 1 | H43: 2 | J43: 1 | M43: 1 | N43: =SUM(I43:M43)-H43 -> 0 | O43: =I43*B43 -> 0 | P43: =J43*B43 -> 1.275 | Q43: =K43*B43 -> 0 | R43: =L43*B43 -> 0 | S43: =M43*B43 -> 1.275
A44: Аптека ленина 5-150 | B44: 1.275 | D44: 1 | H44: 2 | I44: 1 | L44: 1 | N44: =SUM(I44:M44)-H44 -> 0 | O44: =I44*B44 -> 1.275 | P44: =J44*B44 -> 0 | Q44: =K44*B44 -> 0 | R44: =L44*B44 -> 1.275 | S44: =M44*B44 -> 0
A45: Аптека пушкина 91-2х150 | B45: 2.55 | D45: 2 | H45: 2 | I45: 1 | L45: 1 | N45: =SUM(I45:M45)-H45 -> 0 | O45: =I45*B45 -> 2.55 | P45: =J45*B45 -> 0 | Q45: =K45*B45 -> 0 | R45: =L45*B45 -> 2.55 | S45: =M45*B45 -> 0
A46: Атлант кирова 250 | B46: 3.7 | E46: 1 | H46: 2 | J46: 1 | M46: 1 | N46: =SUM(I46:M46)-H46 -> 0 | O46: =I46*B46 -> 0 | P46: =J46*B46 -> 3.7 | Q46: =K46*B46 -> 0 | R46: =L46*B46 -> 0 | S46: =M46*B46 -> 3.7
A47: Банк России 180 2шт | B47: 4.14 | C47: 2 | D47: 2 | H47: 2 | I47: 1 | L47: 1 | N47: =SUM(I47:M47)-H47 -> 0 | O47: =I47*B47 -> 4.14 | P47: =J47*B47 -> 0 | Q47: =K47*B47 -> 0 | R47: =L47*B47 -> 4.14 | S47: =M47*B47 -> 0
A48: Баон 150 | B48: 1.275 | D48: 1 | H48: 2 | I48: 1 | L48: 1 | N48: =SUM(I48:M48)-H48 -> 0 | O48: =I48*B48 -> 1.275 | P48: =J48*B48 -> 0 | Q48: =K48*B48 -> 0 | R48: =L48*B48 -> 1.275 | S48: =M48*B48 -> 0
A49: Буше горького 150 | B49: 1.275 | D49: 1 | H49: 2 | J49: 1 | M49: 1 | N49: =SUM(I49:M49)-H49 -> 0 | O49: =I49*B49 -> 0 | P49: =J49*B49 -> 1.275 | Q49: =K49*B49 -> 0 | R49: =L49*B49 -> 0 | S49: =M49*B49 -> 1.275
A50: Буше красина 150 нов | B50: 1.275 | D50: 1 | H50: 2 | J50: 1 | M50: 1 | N50: =SUM(I50:M50)-H50 -> 0 | O50: =I50*B50 -> 0 | P50: =J50*B50 -> 1.275 | Q50: =K50*B50 -> 0 | R50: =L50*B50 -> 0 | S50: =M50*B50 -> 1.275
A51: Втб гоголя-250 | B51: 3.7 | G51: 1 | H51: 2 | I51: 1 | L51: 1 | N51: =SUM(I51:M51)-H51 -> 0 | O51: =I51*B51 -> 3.7 | P51: =J51*B51 -> 0 | Q51: =K51*B51 -> 0 | R51: =L51*B51 -> 3.7 | S51: =M51*B51 -> 0
A52: Втб куйбышева 180 | B52: 2.07 | C52: 1 | H52: 2 | J52: 1 | M52: 1 | N52: =SUM(I52:M52)-H52 -> 0 | O52: =I52*B52 -> 0 | P52: =J52*B52 -> 2.07 | Q52: =K52*B52 -> 0 | R52: =L52*B52 -> 0 | S52: =M52*B52 -> 2.07
A53: Газпром банк гоголя-180 | B53: 2.07 | C53: 1 | H53: 2 | I53: 1 | L53: 1 | N53: =SUM(I53:M53)-H53 -> 0 | O53: =I53*B53 -> 2.07 | P53: =J53*B53 -> 0 | Q53: =K53*B53 -> 0 | R53: =L53*B53 -> 2.07 | S53: =M53*B53 -> 0
A54: Друзья друзей 2х150 | B54: 2.55 | C54: 2 | H54: 2 | J54: 1 | M54: 1 | N54: =SUM(I54:M54)-H54 -> 0 | O54: =I54*B54 -> 0 | P54: =J54*B54 -> 2.55 | Q54: =K54*B54 -> 0 | R54: =L54*B54 -> 0 | S54: =M54*B54 -> 2.55
A55: Жизнь март пролетарская -180 | B55: 2.07 | C55: 1 | H55: 2 | I55: 1 | L55: 1 | N55: =SUM(I55:M55)-H55 -> 0 | O55: =I55*B55 -> 2.07 | P55: =J55*B55 -> 0 | Q55: =K55*B55 -> 0 | R55: =L55*B55 -> 2.07 | S55: =M55*B55 -> 0
A56: инвитро красина-3х150 новые | B56: =3*1.275 -> 3.825 | D56: 3 | H56: 2 | I56: 1 | L56: 1 | N56: =SUM(I56:M56)-H56 -> 0 | O56: =I56*B56 -> 3.825 | P56: =J56*B56 -> 0 | Q56: =K56*B56 -> 0 | R56: =L56*B56 -> 3.825 | S56: =M56*B56 -> 0
A57: Инвитро ленина-2х150 новые стелим на себя | B57: 2.55 | D57: 2 | H57: 2 | J57: 1 | M57: 1 | N57: =SUM(I57:M57)-H57 -> 0 | O57: =I57*B57 -> 0 | P57: =J57*B57 -> 2.55 | Q57: =K57*B57 -> 0 | R57: =L57*B57 -> 0 | S57: =M57*B57 -> 2.55
A58: Курган Доставка | B58: 1.275 | D58: 1 | H58: 2 | I58: 1 | L58: 1 | N58: =SUM(I58:M58)-H58 -> 0 | O58: =I58*B58 -> 1.275 | P58: =J58*B58 -> 0 | Q58: =K58*B58 -> 0 | R58: =L58*B58 -> 1.275 | S58: =M58*B58 -> 0
A59: Летуаль 180 | B59: 2.07 | C59: 1 | H59: 2 | I59: 1 | L59: 1 | N59: =SUM(I59:M59)-H59 -> 0 | O59: =I59*B59 -> 2.07 | P59: =J59*B59 -> 0 | Q59: =K59*B59 -> 0 | R59: =L59*B59 -> 2.07 | S59: =M59*B59 -> 0
A60: М.горького 40 180*2 | B60: 4.14 | C60: 2 | H60: 2 | J60: 1 | M60: 1 | N60: =SUM(I60:M60)-H60 -> 0 | O60: =I60*B60 -> 0 | P60: =J60*B60 -> 4.14 | Q60: =K60*B60 -> 0 | R60: =L60*B60 -> 0 | S60: =M60*B60 -> 4.14
A61: Магнит Володарского 180 | B61: 2.07 | C61: 1 | H61: 2 | J61: 1 | M61: 1 | N61: =SUM(I61:M61)-H61 -> 0 | O61: =I61*B61 -> 0 | P61: =J61*B61 -> 2.07 | Q61: =K61*B61 -> 0 | R61: =L61*B61 -> 0 | S61: =M61*B61 -> 2.07
A62: Магнит гоголя 38-180 | B62: 2.07 | C62: 1 | H62: 2 | I62: 1 | L62: 1 | N62: =SUM(I62:M62)-H62 -> 0 | O62: =I62*B62 -> 2.07 | P62: =J62*B62 -> 0 | Q62: =K62*B62 -> 0 | R62: =L62*B62 -> 2.07 | S62: =M62*B62 -> 0
A63: Магнит гоголя 66-180 | B63: 2.07 | C63: 1 | H63: 2 | I63: 1 | L63: 1 | N63: =SUM(I63:M63)-H63 -> 0 | O63: =I63*B63 -> 2.07 | P63: =J63*B63 -> 0 | Q63: =K63*B63 -> 0 | R63: =L63*B63 -> 2.07 | S63: =M63*B63 -> 0
A64: Магнит Гоголя 76 180 | B64: 2.07 | C64: 1 | H64: 2 | I64: 1 | L64: 1 | N64: =SUM(I64:M64)-H64 -> 0 | O64: =I64*B64 -> 2.07 | P64: =J64*B64 -> 0 | Q64: =K64*B64 -> 0 | R64: =L64*B64 -> 2.07 | S64: =M64*B64 -> 0
A65: Магнит К.маркса 180 | B65: 2.07 | C65: 1 | H65: 2 | J65: 1 | M65: 1 | N65: =SUM(I65:M65)-H65 -> 0 | O65: =I65*B65 -> 0 | P65: =J65*B65 -> 2.07 | Q65: =K65*B65 -> 0 | R65: =L65*B65 -> 0 | S65: =M65*B65 -> 2.07
A66: магнит красина 180 | B66: 2.07 | C66: 1 | H66: 2 | J66: 1 | M66: 1 | N66: =SUM(I66:M66)-H66 -> 0 | O66: =I66*B66 -> 0 | P66: =J66*B66 -> 2.07 | Q66: =K66*B66 -> 0 | R66: =L66*B66 -> 0 | S66: =M66*B66 -> 2.07
A67: Магнит советская 39 180 | B67: 2.07 | C67: 1 | H67: 2 | I67: 1 | L67: 1 | N67: =SUM(I67:M67)-H67 -> 0 | O67: =I67*B67 -> 2.07 | P67: =J67*B67 -> 0 | Q67: =K67*B67 -> 0 | R67: =L67*B67 -> 2.07 | S67: =M67*B67 -> 0
A68: Магнит советская 40 180 | B68: 2.07 | C68: 1 | H68: 2 | I68: 1 | L68: 1 | N68: =SUM(I68:M68)-H68 -> 0 | O68: =I68*B68 -> 2.07 | P68: =J68*B68 -> 0 | Q68: =K68*B68 -> 0 | R68: =L68*B68 -> 2.07 | S68: =M68*B68 -> 0
A69: Мегафон советская 2х150 рез | B69: 2.55 | D69: 2 | H69: 2 | J69: 1 | M69: 1 | N69: =SUM(I69:M69)-H69 -> 0 | O69: =I69*B69 -> 0 | P69: =J69*B69 -> 2.55 | Q69: =K69*B69 -> 0 | R69: =L69*B69 -> 0 | S69: =M69*B69 -> 2.55
A71: мтс гоголя 53 - 180серый 1 | B71: 2.07 | C71: 1 | H71: 2 | I71: 1 | L71: 1 | N71: =SUM(I71:M71)-H71 -> 0 | O71: =I71*B71 -> 2.07 | P71: =J71*B71 -> 0 | Q71: =K71*B71 -> 0 | R71: =L71*B71 -> 2.07 | S71: =M71*B71 -> 0
A72: МТС Пушкина 150 | B72: 1.275 | H72: 2 | I72: 1 | L72: 1 | N72: =SUM(I72:M72)-H72 -> 0 | O72: =I72*B72 -> 1.275 | P72: =J72*B72 -> 0 | Q72: =K72*B72 -> 0 | R72: =L72*B72 -> 1.275 | S72: =M72*B72 -> 0
A73: мтс Пушкина 167- 150 | B73: 1.275 | D73: 1 | H73: 2 | J73: 1 | M73: 1 | N73: =SUM(I73:M73)-H73 -> 0 | O73: =I73*B73 -> 0 | P73: =J73*B73 -> 1.275 | Q73: =K73*B73 -> 0 | R73: =L73*B73 -> 0 | S73: =M73*B73 -> 1.275
A74: Промсвязь банк 150,180 | B74: 3.345 | C74: 1 | D74: 1 | H74: 2 | J74: 1 | M74: 1 | N74: =SUM(I74:M74)-H74 -> 0 | O74: =I74*B74 -> 0 | P74: =J74*B74 -> 3.345 | Q74: =K74*B74 -> 0 | R74: =L74*B74 -> 0 | S74: =M74*B74 -> 3.345
A75: Ресторан СОЛО Куйбышева | B75: 1.257 | D75: 1 | H75: 2 | J75: 1 | M75: 1 | N75: =SUM(I75:M75)-H75 -> 0 | O75: =I75*B75 -> 0 | P75: =J75*B75 -> 1.257 | Q75: =K75*B75 -> 0 | R75: =L75*B75 -> 0 | S75: =M75*B75 -> 1.257
A76: Теле2 гоголя-150 резаный | B76: 1.275 | D76: 1 | H76: 2 | I76: 1 | L76: 1 | N76: =SUM(I76:M76)-H76 -> 0 | O76: =I76*B76 -> 1.275 | P76: =J76*B76 -> 0 | Q76: =K76*B76 -> 0 | R76: =L76*B76 -> 1.275 | S76: =M76*B76 -> 0
A77: Томография К. маркса | B77: 1.275 | D77: 1 | H77: 2 | J77: 1 | M77: 1 | N77: =SUM(I77:M77)-H77 -> 0 | O77: =I77*B77 -> 0 | P77: =J77*B77 -> 1.275 | Q77: =K77*B77 -> 0 | R77: =L77*B77 -> 0 | S77: =M77*B77 -> 1.275
A78: Фикс прайс к.мяготина 180*2 | B78: 4.14 | C78: 2 | H78: 2 | J78: 1 | M78: 1 | N78: =SUM(I78:M78)-H78 -> 0 | O78: =I78*B78 -> 0 | P78: =J78*B78 -> 4.14 | Q78: =K78*B78 -> 0 | R78: =L78*B78 -> 0 | S78: =M78*B78 -> 4.14
A80: Фикс советска40-2х180 | B80: 4.14 | C80: 2 | H80: 2 | I80: 1 | L80: 1 | N80: =SUM(I80:M80)-H80 -> 0 | O80: =I80*B80 -> 4.14 | P80: =J80*B80 -> 0 | Q80: =K80*B80 -> 0 | R80: =L80*B80 -> 4.14 | S80: =M80*B80 -> 0
A81: Чистый квартал 150, 80х80 | B81: 2.55 | D81: 1 | E81: 1 | H81: 3 | I81: 1 | K81: 1 | M81: 1 | N81: =SUM(I81:M81)-H81 -> 0 | O81: =I81*B81 -> 2.55 | P81: =J81*B81 -> 0 | Q81: =K81*B81 -> 2.55 | R81: =L81*B81 -> 0 | S81: =M81*B81 -> 2.55
A82: Япоки гоголя-180 | B82: 2.07 | C82: 1 | H82: 2 | I82: 1 | L82: 1 | N82: =SUM(I82:M82)-H82 -> 0 | O82: =I82*B82 -> 2.07 | P82: =J82*B82 -> 0 | Q82: =K82*B82 -> 0 | R82: =L82*B82 -> 2.07 | S82: =M82*B82 -> 0
A83: 4 сезона ленина-180 | B83: 2.07 | C83: 1 | H83: 1 | J83: 1 | N83: =SUM(I83:M83)-H83 -> 0 | O83: =I83*B83 -> 0 | P83: =J83*B83 -> 2.07 | Q83: =K83*B83 -> 0 | R83: =L83*B83 -> 0 | S83: =M83*B83 -> 0
A84: Александрит 150 рез | B84: 1.275 | D84: 1 | H84: 1 | L84: 1 | N84: =SUM(I84:M84)-H84 -> 0 | O84: =I84*B84 -> 0 | P84: =J84*B84 -> 0 | Q84: =K84*B84 -> 0 | R84: =L84*B84 -> 1.275 | S84: =M84*B84 -> 0
A85: Алеф-банк 150 НОЯБРЬ | B85: 1.275 | D85: 1 | H85: 1 | L85: 1 | N85: =SUM(I85:M85)-H85 -> 0 | O85: =I85*B85 -> 0 | P85: =J85*B85 -> 0 | Q85: =K85*B85 -> 0 | R85: =L85*B85 -> 1.275 | S85: =M85*B85 -> 0
A86: Альфастрахование 2х180 | B86: 4.14 | C86: 2 | H86: 1 | K86: 1 | N86: =SUM(I86:M86)-H86 -> 0 | O86: =I86*B86 -> 0 | P86: =J86*B86 -> 0 | Q86: =K86*B86 -> 4.14 | R86: =L86*B86 -> 0 | S86: =M86*B86 -> 0
A87: Аптека советская ленина 150 | B87: 1.275 | D87: 1 | H87: 1 | J87: 1 | N87: =SUM(I87:M87)-H87 -> 0 | O87: =I87*B87 -> 0 | P87: =J87*B87 -> 1.275 | Q87: =K87*B87 -> 0 | R87: =L87*B87 -> 0 | S87: =M87*B87 -> 0
A88: Баден Ленина-200 старый | B88: 2.07 | C88: 1 | H88: 1 | J88: 1 | N88: =SUM(I88:M88)-H88 -> 0 | O88: =I88*B88 -> 0 | P88: =J88*B88 -> 2.07 | Q88: =K88*B88 -> 0 | R88: =L88*B88 -> 0 | S88: =M88*B88 -> 0
A90: Банк курган Гоголя 180 | B90: 2.07 | C90: 1 | H90: 1 | L90: 1 | N90: =SUM(I90:M90)-H90 -> 0 | O90: =I90*B90 -> 0 | P90: =J90*B90 -> 0 | Q90: =K90*B90 -> 0 | R90: =L90*B90 -> 2.07 | S90: =M90*B90 -> 0
A91: Банк курган площадь 150 сер. 1шт. | B91: 1.275 | D91: 1 | H91: 1 | L91: 1 | N91: =SUM(I91:M91)-H91 -> 0 | O91: =I91*B91 -> 0 | P91: =J91*B91 -> 0 | Q91: =K91*B91 -> 0 | R91: =L91*B91 -> 1.275 | S91: =M91*B91 -> 0
A92: Банк России 150 2шт | B92: 2.55 | F92: 1 | H92: 1 | L92: 1 | N92: =SUM(I92:M92)-H92 -> 0 | O92: =I92*B92 -> 0 | P92: =J92*B92 -> 0 | Q92: =K92*B92 -> 0 | R92: =L92*B92 -> 2.55 | S92: =M92*B92 -> 0
A93: Бенетон 150 | B93: 1.275 | D93: 1 | H93: 1 | M93: 1 | N93: =SUM(I93:M93)-H93 -> 0 | O93: =I93*B93 -> 0 | P93: =J93*B93 -> 0 | Q93: =K93*B93 -> 0 | R93: =L93*B93 -> 0 | S93: =M93*B93 -> 1.275
A94: Вояж володарская150 сер. 1 шт.нов. | B94: 1.275 | D94: 1 | H94: 1 | K94: 1 | N94: =SUM(I94:M94)-H94 -> 0 | O94: =I94*B94 -> 0 | P94: =J94*B94 -> 0 | Q94: =K94*B94 -> 1.275 | R94: =L94*B94 -> 0 | S94: =M94*B94 -> 0
A95: Газпроммежрегионгаз Гоголя 98 1x150 | B95: 1.275 | H95: 1 | L95: 1 | N95: =SUM(I95:M95)-H95 -> 0 | O95: =I95*B95 -> 0 | P95: =J95*B95 -> 0 | Q95: =K95*B95 -> 0 | R95: =L95*B95 -> 1.275 | S95: =M95*B95 -> 0
A96: газпроммежрегионгаз- 5х150 | B96: =5*1.275 -> 6.375 | H96: 1 | L96: 1 | N96: =SUM(I96:M96)-H96 -> 0 | O96: =I96*B96 -> 0 | P96: =J96*B96 -> 0 | Q96: =K96*B96 -> 0 | R96: =L96*B96 -> 6.375 | S96: =M96*B96 -> 0
A97: Джинса ленина 150 | B97: 1.275 | D97: 1 | H97: 1 | K97: 1 | N97: =SUM(I97:M97)-H97 -> 0 | O97: =I97*B97 -> 0 | P97: =J97*B97 -> 0 | Q97: =K97*B97 -> 1.275 | R97: =L97*B97 -> 0 | S97: =M97*B97 -> 0
A98: Джулия пролетарская 200 хороший | B98: 2.07 | C98: 1 | H98: 1 | L98: 1 | N98: =SUM(I98:M98)-H98 -> 0 | O98: =I98*B98 -> 0 | P98: =J98*B98 -> 0 | Q98: =K98*B98 -> 0 | R98: =L98*B98 -> 2.07 | S98: =M98*B98 -> 0
A99: Джулия советская 180 | B99: 2.07 | C99: 1 | H99: 1 | L99: 1 | N99: =SUM(I99:M99)-H99 -> 0 | O99: =I99*B99 -> 0 | P99: =J99*B99 -> 0 | Q99: =K99*B99 -> 0 | R99: =L99*B99 -> 2.07 | S99: =M99*B99 -> 0
A100: Ив роше Ленина180 | B100: 2.07 | C100: 1 | H100: 1 | K100: 1 | N100: =SUM(I100:M100)-H100 -> 0 | O100: =I100*B100 -> 0 | P100: =J100*B100 -> 0 | Q100: =K100*B100 -> 2.07 | R100: =L100*B100 -> 0 | S100: =M100*B100 -> 0
A101: Ик надежда 150 | B101: 1.275 | D101: 1 | H101: 1 | J101: 1 | N101: =SUM(I101:M101)-H101 -> 0 | O101: =I101*B101 -> 0 | P101: =J101*B101 -> 1.275 | Q101: =K101*B101 -> 0 | R101: =L101*B101 -> 0 | S101: =M101*B101 -> 0
A102: Инвитро пушкина 189-2х150 | B102: 1.275 | D102: 2 | H102: 1 | M102: 1 | N102: =SUM(I102:M102)-H102 -> 0 | O102: =I102*B102 -> 0 | P102: =J102*B102 -> 0 | Q102: =K102*B102 -> 0 | R102: =L102*B102 -> 0 | S102: =M102*B102 -> 1.275
A103: Инвитро юбилейный 180 | B103: 2.07 | C103: 1 | H103: 1 | M103: 1 | N103: =SUM(I103:M103)-H103 -> 0 | O103: =I103*B103 -> 0 | P103: =J103*B103 -> 0 | Q103: =K103*B103 -> 0 | R103: =L103*B103 -> 0 | S103: =M103*B103 -> 2.07
...

Sheet Понедельник
A1: =Неделя!A1 -> Велес гоголя 180 | B1: =Неделя!B1 -> 2.07 | C1: =Неделя!C1 -> 1 | D1: =Неделя!D1 -> 0 | E1: =Неделя!E1 -> 0 | F1: =Неделя!F1 -> 0 | G1: =Неделя!G1 -> 0 | H1: =Неделя!I1 -> 1 | I1: =Неделя!O1 -> 2.07
A2: =Неделя!A2 -> Велес красина 180 | B2: =Неделя!B2 -> 2.07 | C2: =Неделя!C2 -> 1 | D2: =Неделя!D2 -> 0 | E2: =Неделя!E2 -> 0 | F2: =Неделя!F2 -> 0 | G2: =Неделя!G2 -> 0 | H2: =Неделя!I2 -> 1 | I2: =Неделя!O2 -> 2.07
A3: =Неделя!A3 -> департамент финансов советская 66-150 резаный | B3: =Неделя!B3 -> 1.275 | C3: =Неделя!C3 -> 0 | D3: =Неделя!D3 -> 1 | E3: =Неделя!E3 -> 0 | F3: =Неделя!F3 -> 0 | G3: =Неделя!G3 -> 0 | H3: =Неделя!I3 -> 1 | I3: =Неделя!O3 -> 1.275
A4: =Неделя!A4 -> метрополис к. Маркса -2x180, 2x150 | B4: =Неделя!B4 -> 6.69 | C4: =Неделя!C4 -> 2 | D4: =Неделя!D4 -> 2 | E4: =Неделя!E4 -> 0 | F4: =Неделя!F4 -> 0 | G4: =Неделя!G4 -> 0 | H4: =Неделя!I4 -> 1 | I4: =Неделя!O4 -> 6.69
A5: =Неделя!A5 -> метрополис Москва-2х180 | B5: =Неделя!B5 -> 4.14 | C5: =Неделя!C5 -> 2 | D5: =Неделя!D5 -> 0 | E5: =Неделя!E5 -> 0 | F5: =Неделя!F5 -> 0 | G5: =Неделя!G5 -> 0 | H5: =Неделя!I5 -> 1 | I5: =Неделя!O5 -> 4.14
A6: =Неделя!A6 -> МТС ленина 6 180 | B6: =Неделя!B6 -> 2.07 | C6: =Неделя!C6 -> 1 | D6: =Неделя!D6 -> 0 | E6: =Неделя!E6 -> 0 | F6: =Неделя!F6 -> 0 | G6: =Неделя!G6 -> 0 | H6: =Неделя!I6 -> 1 | I6: =Неделя!O6 -> 2.07
A7: =Неделя!A7 -> пальмира Ленина 5- 200 новый 150 нов | B7: =Неделя!B7 -> 3.345 | C7: =Неделя!C7 -> 1 | D7: =Неделя!D7 -> 1 | E7: =Неделя!E7 -> 0 | F7: =Неделя!F7 -> 0 | G7: =Неделя!G7 -> 0 | H7: =Неделя!I7 -> 1 | I7: =Неделя!O7 -> 3.345
A8: =Неделя!A8 -> чунунок к. Мяготина-2x180 | B8: =Неделя!B8 -> 4.14 | C8: =Неделя!C8 -> 2 | D8: =Неделя!D8 -> 0 | E8: =Неделя!E8 -> 0 | F8: =Неделя!F8 -> 0 | G8: =Неделя!G8 -> 0 | H8: =Неделя!I8 -> 1 | I8: =Неделя!O8 -> 4.14
A9: =Неделя!A9 -> Сбер академия 2х150 коричнев стар | B9: =Неделя!B9 -> 2.55 | C9: =Неделя!C9 -> 0 | D9: =Неделя!D9 -> 2 | E9: =Неделя!E9 -> 0 | F9: =Неделя!F9 -> 0 | G9: =Неделя!G9 -> 0 | H9: =Неделя!I9 -> 1 | I9: =Неделя!O9 -> 2.55
A10: =Неделя!A10 -> Сбер красина 2х150 | B10: =Неделя!B10 -> 2.55 | C10: =Неделя!C10 -> 0 | D10: =Неделя!D10 -> 2 | E10: =Неделя!E10 -> 0 | F10: =Неделя!F10 -> 0 | G10: =Неделя!G10 -> 0 | H10: =Неделя!I10 -> 1 | I10: =Неделя!O10 -> 2.55
A11: =Неделя!A11 -> сбербанк гоголя 98-3ий вход 1 х 150 | B11: =Неделя!B11 -> 1.275 | C11: =Неделя!C11 -> 2 | D11: =Неделя!D11 -> 5 | E11: =Неделя!E11 -> 0 | F11: =Неделя!F11 -> 0 | G11: =Неделя!G11 -> 0 | H11: =Неделя!I11 -> 1 | I11: =Неделя!O11 -> 1.275
A12: =Неделя!A12 -> сбербанк гоголя103- 2х150 коричневые | B12: =Неделя!B12 -> 2.55 | C12: =Неделя!C12 -> 0 | D12: =Неделя!D12 -> 2 | E12: =Неделя!E12 -> 0 | F12: =Неделя!F12 -> 0 | G12: =Неделя!G12 -> 0 | H12: =Неделя!I12 -> 1 | I12: =Неделя!O12 -> 2.55
... A152: =Неделя!A152 -> SoupRamen 180 | B152: =Неделя!B152 -> 2.07 | C152: =Неделя!C152 -> 1 | D152: =Неделя!D152 -> 0 | E152: =Неделя!E152 -> 0 | F152: =Неделя!F152 -> 0 | G152: =Неделя!G152 -> 0 | H152: =Неделя!I152 -> 0 | I152: =Неделя!O152 -> 0
A153: =Неделя!A154 -> 0 | B153: =SUBTOTAL(9,B1:B152) -> 147.23 | C153: =Неделя!C154 -> 180 | D153: =Неделя!D154 -> 150 | E153: =Неделя!E154 -> рез | F153: =Неделя!F154 -> 400 | G153: =Неделя!G154 -> 250 | H153: =Неделя!I154 -> пн | I153: =Неделя!O154 -> пн
A154: =Неделя!A155 -> 0 | B154: =Неделя!B155 -> 98.51 | C154: =Неделя!C155 -> 180 | D154: =Неделя!D155 -> 150 | E154: =Неделя!E155 -> рез | F154: =Неделя!F155 -> 400 | G154: =Неделя!G155 -> 250 | H154: =Неделя!I155 -> 0 | I154: =Неделя!O155 -> 147.23
A155: =Неделя!A156 -> 0 | B155: =Неделя!B156 -> 0 | C155: =Неделя!C156 -> 28 | D155: =Неделя!D156 -> 23 | E155: =Неделя!E156 -> 3 | F155: =Неделя!F156 -> 1 | G155: =Неделя!G156 -> 1 | H155: =Неделя!I156 -> 0 | I155: =Неделя!O156 -> 0
A156: =Неделя!A157 -> 0 | B156: =Неделя!B157 -> 0 | C156: =Неделя!C157 -> 0 | D156: =Неделя!D157 -> 0 | E156: =Неделя!E157 -> 0 | F156: =Неделя!F157 -> 0 | G156: =Неделя!G157 -> 0 | H156: =Неделя!I157 -> 0 | I156: =Неделя!O157 -> 0
A157: =Неделя!A158 -> 0 | B157: =Неделя!B158 -> 0 | C157: =Неделя!C158 -> 0 | D157: =Неделя!D158 -> 0 | E157: =Неделя!E158 -> 0 | F157: =Неделя!F158 -> 0 | G157: =Неделя!G158 -> 0 | H157: =Неделя!I158 -> 0 | I157: =Неделя!O158 -> 0
A158: =Неделя!A159 -> 0 | B158: =Неделя!B159 -> 0 | C158: =Неделя!C159 -> 0 | D158: =Неделя!D159 -> 0 | E158: =Неделя!E159 -> 0 | F158: =Неделя!F159 -> 0 | G158: =Неделя!G159 -> 0 | H158: =Неделя!I159 -> 0 | I158: =Неделя!O159 -> 0
A159: =Неделя!A160 -> 0 | B159: =Неделя!B160 -> 0 | C159: =Неделя!C160 -> 0 | D159: =Неделя!D160 -> 0 | E159: =Неделя!E160 -> 0 | F159: =Неделя!F160 -> 0 | G159: =Неделя!G160 -> 0 | H159: =Неделя!I160 -> 0 | I159: =Неделя!O160 -> 0
A160: =Неделя!A161 -> 0 | B160: =Неделя!B161 -> 0 | C160: =Неделя!C161 -> 0 | D160: =Неделя!D161 -> 0 | E160: =Неделя!E161 -> 0 | F160: =Неделя!F161 -> 0 | G160: =Неделя!G161 -> 0 | H160: =Неделя!I161 -> 0 | I160: =Неделя!O161 -> 0
A161: =Неделя!A162 -> 0 | B161: =Неделя!B162 -> 0 | C161: =Неделя!C162 -> 0 | D161: =Неделя!D162 -> 0 | E161: =Неделя!E162 -> 0 | F161: =Неделя!F162 -> 0 | G161: =Неделя!G162 -> 0 | H161: =Неделя!I162 -> 0 | I161: =Неделя!O162 -> 0
A162: =Неделя!A163 -> 0 | B162: =Неделя!B163 -> 0 | C162: =Неделя!C163 -> 0 | D162: =Неделя!D163 -> 0 | E162: =Неделя!E163 -> 0 | F162: =Неделя!F163 -> 0 | G162: =Неделя!G163 -> 0 | H162: =Неделя!I163 -> 0 | I162: =Неделя!O163 -> 0
A163: =Неделя!A164 -> 0 | B163: =Неделя!B164 -> 0 | C163: =Неделя!C164 -> 0 | D163: =Неделя!D164 -> 0 | E163: =Неделя!E164 -> 0 | F163: =Неделя!F164 -> 0 | G163: =Неделя!G164 -> 0 | H163: =Неделя!I164 -> 0 | I163: =Неделя!O164 -> 0
A164: =Неделя!A165 -> 0 | B164: =Неделя!B165 -> 0 | C164: =Неделя!C165 -> 0 | D164: =Неделя!D165 -> 0 | E164: =Неделя!E165 -> 0 | F164: =Неделя!F165 -> 0 | G164: =Неделя!G165 -> 0 | H164: =Неделя!I165 -> 0 | I164: =Неделя!O165 -> 0
A165: =Неделя!A166 -> 0 | B165: =Неделя!B166 -> 0 | C165: =Неделя!C166 -> 0 | D165: =Неделя!D166 -> 0 | E165: =Неделя!E166 -> 0 | F165: =Неделя!F166 -> 0 | G165: =Неделя!G166 -> 0 | H165: =Неделя!I166 -> 0 | I165: =Неделя!O166 -> 0
... A180: =Неделя!A181 -> 0 | B180: =Неделя!B181 -> 0 | C180: =Неделя!C181 -> 0 | D180: =Неделя!D181 -> 0 | E180: =Неделя!E181 -> 0 | F180: =Неделя!F181 -> 0 | G180: =Неделя!G181 -> 0 | H180: =Неделя!I181 -> 0 | I180: =Неделя!O181 -> 0
C181: =SUBTOTAL(9,C1:C152) -> 44

Sheet Вторник
A1: =Неделя!A1 -> Велес гоголя 180 | B1: =Неделя!B1 -> 2.07 | C1: =Неделя!C1 -> 1 | D1: =Неделя!D1 -> 0 | E1: =Неделя!E1 -> 0 | F1: =Неделя!F1 -> 0 | G1: =Неделя!G1 -> 0 | H1: =Неделя!J1 -> 1
A2: =Неделя!A2 -> Велес красина 180 | B2: =Неделя!B2 -> 2.07 | C2: =Неделя!C2 -> 1 | D2: =Неделя!D2 -> 0 | E2: =Неделя!E2 -> 0 | F2: =Неделя!F2 -> 0 | G2: =Неделя!G2 -> 0 | H2: =Неделя!J2 -> 1
A3: =Неделя!A3 -> департамент финансов советская 66-150 резаный | B3: =Неделя!B3 -> 1.275 | C3: =Неделя!C3 -> 0 | D3: =Неделя!D3 -> 1 | E3: =Неделя!E3 -> 0 | F3: =Неделя!F3 -> 0 | G3: =Неделя!G3 -> 0 | H3: =Неделя!J3 -> 1
A4: =Неделя!A4 -> метрополис к. Маркса -2x180, 2x150 | B4: =Неделя!B4 -> 6.69 | C4: =Неделя!C4 -> 2 | D4: =Неделя!D4 -> 2 | E4: =Неделя!E4 -> 0 | F4: =Неделя!F4 -> 0 | G4: =Неделя!G4 -> 0 | H4: =Неделя!J4 -> 1
A5: =Неделя!A5 -> метрополис Москва-2х180 | B5: =Неделя!B5 -> 4.14 | C5: =Неделя!C5 -> 2 | D5: =Неделя!D5 -> 0 | E5: =Неделя!E5 -> 0 | F5: =Неделя!F5 -> 0 | G5: =Неделя!G5 -> 0 | H5: =Неделя!J5 -> 1
A6: =Неделя!A6 -> МТС ленина 6 180 | B6: =Неделя!B6 -> 2.07 | C6: =Неделя!C6 -> 1 | D6: =Неделя!D6 -> 0 | E6: =Неделя!E6 -> 0 | F6: =Неделя!F6 -> 0 | G6: =Неделя!G6 -> 0 | H6: =Неделя!J6 -> 1
A7: =Неделя!A7 -> пальмира Ленина 5- 200 новый 150 нов | B7: =Неделя!B7 -> 3.345 | C7: =Неделя!C7 -> 1 | D7: =Неделя!D7 -> 1 | E7: =Неделя!E7 -> 0 | F7: =Неделя!F7 -> 0 | G7: =Неделя!G7 -> 0 | H7: =Неделя!J7 -> 1
A8: =Неделя!A8 -> чунунок к. Мяготина-2x180 | B8: =Неделя!B8 -> 4.14 | C8: =Неделя!C8 -> 2 | D8: =Неделя!D8 -> 0 | E8: =Неделя!E8 -> 0 | F8: =Неделя!F8 -> 0 | G8: =Неделя!G8 -> 0 | H8: =Неделя!J8 -> 1
A9: =Неделя!A9 -> Сбер академия 2х150 коричнев стар | B9: =Неделя!B9 -> 2.55 | C9: =Неделя!C9 -> 0 | D9: =Неделя!D9 -> 2 | E9: =Неделя!E9 -> 0 | F9: =Неделя!F9 -> 0 | G9: =Неделя!G9 -> 0 | H9: =Неделя!J9 -> 1
A10: =Неделя!A10 -> Сбер красина 2х150 | B10: =Неделя!B10 -> 2.55 | C10: =Неделя!C10 -> 0 | D10: =Неделя!D10 -> 2 | E10: =Неделя!E10 -> 0 | F10: =Неделя!F10 -> 0 | G10: =Неделя!G10 -> 0 | H10: =Неделя!J10 -> 1
A11: =Неделя!A11 -> сбербанк гоголя 98-3ий вход 1 х 150 | B11: =Неделя!B11 -> 1.275 | C11: =Неделя!C11 -> 2 | D11: =Неделя!D11 -> 5 | E11: =Неделя!E11 -> 0 | F11: =Неделя!F11 -> 0 | G11: =Неделя!G11 -> 0 | H11: =Неделя!J11 -> 1
A12: =Неделя!A12 -> сбербанк гоголя103- 2х150 коричневые | B12: =Неделя!B12 -> 2.55 | C12: =Неделя!C12 -> 0 | D12: =Неделя!D12 -> 2 | E12: =Неделя!E12 -> 0 | F12: =Неделя!F12 -> 0 | G12: =Неделя!G12 -> 0 | H12: =Неделя!J12 -> 1
... A70: =Неделя!A70 -> 0 | B70: =Неделя!B70 -> 0 | C70: =Неделя!C70 -> 0 | D70: =Неделя!D70 -> 0 | E70: =Неделя!E70 -> 0 | F70: =Неделя!F70 -> 0 | G70: =Неделя!G70 -> 0 | H70: =Неделя!J70 -> 0
A71: =Неделя!A71 -> мтс гоголя 53 - 180серый 1 | C71: =Неделя!C71 -> 1 | D71: =Неделя!D71 -> 0 | E71: =Неделя!E71 -> 0 | F71: =Неделя!F71 -> 0 | G71: =Неделя!G71 -> 0 | H71: =Неделя!J71 -> 0
A72: =Неделя!A72 -> МТС Пушкина 150 | C72: =Неделя!C72 -> 0 | D72: =Неделя!D72 -> 0 | E72: =Неделя!E72 -> 0 | F72: =Неделя!F72 -> 0 | G72: =Неделя!G72 -> 0 | H72: =Неделя!J72 -> 0
A73: =Неделя!A73 -> мтс Пушкина 167- 150 | B73: =Неделя!B73 -> 1.275 | C73: =Неделя!C73 -> 0 | D73: =Неделя!D73 -> 1 | E73: =Неделя!E73 -> 0 | F73: =Неделя!F73 -> 0 | G73: =Неделя!G73 -> 0 | H73: =Неделя!J73 -> 1
A74: =Неделя!A74 -> Промсвязь банк 150,180 | B74: =Неделя!B74 -> 3.345 | C74: =Неделя!C74 -> 1 | D74: =Неделя!D74 -> 1 | E74: =Неделя!E74 -> 0 | F74: =Неделя!F74 -> 0 | G74: =Неделя!G74 -> 0 | H74: =Неделя!J74 -> 1
A75: =Неделя!A75 -> Ресторан СОЛО Куйбышева | B75: =Неделя!B75 -> 1.257 | C75: =Неделя!C75 -> 0 | D75: =Неделя!D75 -> 1 | E75: =Неделя!E75 -> 0 | F75: =Неделя!F75 -> 0 | G75: =Неделя!G75 -> 0 | H75: =Неделя!J75 -> 1
A76: =Неделя!A76 -> Теле2 гоголя-150 резаный | C76: =Неделя!C76 -> 0 | D76: =Неделя!D76 -> 1 | E76: =Неделя!E76 -> 0 | F76: =Неделя!F76 -> 0 | G76: =Неделя!G76 -> 0 | H76: =Неделя!J76 -> 0
A77: =Неделя!A77 -> Томография К. маркса | B77: =Неделя!B77 -> 1.275 | C77: =Неделя!C77 -> 0 | D77: =Неделя!D77 -> 1 | E77: =Неделя!E77 -> 0 | F77: =Неделя!F77 -> 0 | G77: =Неделя!G77 -> 0 | H77: =Неделя!J77 -> 1
A78: =Неделя!A78 -> Фикс прайс к.мяготина 180*2 | B78: =Неделя!B78 -> 4.14 | C78: =Неделя!C78 -> 2 | D78: =Неделя!D78 -> 0 | E78: =Неделя!E78 -> 0 | F78: =Неделя!F78 -> 0 | G78: =Неделя!G78 -> 0 | H78: =Неделя!J78 -> 1
A79: =Неделя!A79 -> 0 | B79: =Неделя!B79 -> 0 | C79: =Неделя!C79 -> 0 | D79: =Неделя!D79 -> 0 | E79: =Неделя!E79 -> 0 | F79: =Неделя!F79 -> 0 | G79: =Неделя!G79 -> 0 | H79: =Неделя!J79 -> 0
A80: =Неделя!A80 -> Фикс советска40-2х180 | C80: =Неделя!C80 -> 2 | D80: =Неделя!D80 -> 0 | E80: =Неделя!E80 -> 0 | F80: =Неделя!F80 -> 0 | G80: =Неделя!G80 -> 0 | H80: =Неделя!J80 -> 0
A81: =Неделя!A81 -> Чистый квартал 150, 80х80 | C81: =Неделя!C81 -> 0 | D81: =Неделя!D81 -> 1 | E81: =Неделя!E81 -> 1 | F81: =Неделя!F81 -> 0 | G81: =Неделя!G81 -> 0 | H81: =Неделя!J81 -> 0
A82: =Неделя!A82 -> Япоки гоголя-180 | C82: =Неделя!C82 -> 1 | D82: =Неделя!D82 -> 0 | E82: =Неделя!E82 -> 0 | F82: =Неделя!F82 -> 0 | G82: =Неделя!G82 -> 0 | H82: =Неделя!J82 -> 0
A83: =Неделя!A83 -> 4 сезона ленина-180 | B83: =Неделя!B83 -> 2.07 | C83: =Неделя!C83 -> 1 | D83: =Неделя!D83 -> 0 | E83: =Неделя!E83 -> 0 | F83: =Неделя!F83 -> 0 | G83: =Неделя!G83 -> 0 | H83: =Неделя!J83 -> 1
A84: =Неделя!A84 -> Александрит 150 рез | C84: =Неделя!C84 -> 0 | D84: =Неделя!D84 -> 1 | E84: =Неделя!E84 -> 0 | F84: =Неделя!F84 -> 0 | G84: =Неделя!G84 -> 0 | H84: =Неделя!J84 -> 0
A85: =Неделя!A85 -> Алеф-банк 150 НОЯБРЬ | C85: =Неделя!C85 -> 0 | D85: =Неделя!D85 -> 1 | E85: =Неделя!E85 -> 0 | F85: =Неделя!F85 -> 0 | G85: =Неделя!G85 -> 0 | H85: =Неделя!J85 -> 0
A86: =Неделя!A86 -> Альфастрахование 2х180 | B86: =Неделя!B86 -> 4.14 | C86: =Неделя!C86 -> 2 | D86: =Неделя!D86 -> 0 | E86: =Неделя!E86 -> 0 | F86: =Неделя!F86 -> 0 | G86: =Неделя!G86 -> 0 | H86: =Неделя!J86 -> 0
A87: =Неделя!A87 -> Аптека советская ленина 150 | B87: =Неделя!B87 -> 1.275 | C87: =Неделя!C87 -> 0 | D87: =Неделя!D87 -> 1 | E87: =Неделя!E87 -> 0 | F87: =Неделя!F87 -> 0 | G87: =Неделя!G87 -> 0 | H87: =Неделя!J87 -> 1
A88: =Неделя!A88 -> Баден Ленина-200 старый | B88: =Неделя!B88 -> 2.07 | C88: =Неделя!C88 -> 1 | D88: =Неделя!D88 -> 0 | E88: =Неделя!E88 -> 0 | F88: =Неделя!F88 -> 0 | G88: =Неделя!G88 -> 0 | H88: =Неделя!J88 -> 1
A89: =Неделя!A89 -> 0 | C89: =Неделя!C89 -> 0 | D89: =Неделя!D89 -> 0 | E89: =Неделя!E89 -> 0 | F89: =Неделя!F89 -> 0 | G89: =Неделя!G89 -> 0 | H89: =Неделя!J89 -> 0
A90: =Неделя!A90 -> Банк курган Гоголя 180 | C90: =Неделя!C90 -> 1 | D90: =Неделя!D90 -> 0 | E90: =Неделя!E90 -> 0 | F90: =Неделя!F90 -> 0 | G90: =Неделя!G90 -> 0 | H90: =Неделя!J90 -> 0
A91: =Неделя!A91 -> Банк курган площадь 150 сер. 1шт. | C91: =Неделя!C91 -> 0 | D91: =Неделя!D91 -> 1 | E91: =Неделя!E91 -> 0 | F91: =Неделя!F91 -> 0 | G91: =Неделя!G91 -> 0 | H91: =Неделя!J91 -> 0
A92: =Неделя!A92 -> Банк России 150 2шт | C92: =Неделя!C92 -> 0 | D92: =Неделя!D92 -> 0 | E92: =Неделя!E92 -> 0 | F92: =Неделя!F92 -> 1 | G92: =Неделя!G92 -> 0 | H92: =Неделя!J92 -> 0
A93: =Неделя!A93 -> Бенетон 150 | C93: =Неделя!C93 -> 0 | D93: =Неделя!D93 -> 1 | E93: =Неделя!E93 -> 0 | F93: =Неделя!F93 -> 0 | G93: =Неделя!G93 -> 0 | H93: =Неделя!J93 -> 0
A94: =Неделя!A94 -> Вояж володарская150 сер. 1 шт.нов. | C94: =Неделя!C94 -> 0 | D94: =Неделя!D94 -> 1 | E94: =Неделя!E94 -> 0 | F94: =Неделя!F94 -> 0 | G94: =Неделя!G94 -> 0 | H94: =Неделя!J94 -> 0
A95: =Неделя!A95 -> Газпроммежрегионгаз Гоголя 98 1x150 | C95: =Неделя!C95 -> 0 | D95: =Неделя!D95 -> 0 | E95: =Неделя!E95 -> 0 | F95: =Неделя!F95 -> 0 | G95: =Неделя!G95 -> 0 | H95: =Неделя!J95 -> 0
A96: =Неделя!A96 -> газпроммежрегионгаз- 5х150 | C96: =Неделя!C96 -> 0 | D96: =Неделя!D96 -> 0 | E96: =Неделя!E96 -> 0 | F96: =Неделя!F96 -> 0 | G96: =Неделя!G96 -> 0 | H96: =Неделя!J96 -> 0
A97: =Неделя!A97 -> Джинса ленина 150 | C97: =Неделя!C97 -> 0 | D97: =Неделя!D97 -> 1 | E97: =Неделя!E97 -> 0 | F97: =Неделя!F97 -> 0 | G97: =Неделя!G97 -> 0 | H97: =Неделя!J97 -> 0
A98: =Неделя!A98 -> Джулия пролетарская 200 хороший | C98: =Неделя!C98 -> 1 | D98: =Неделя!D98 -> 0 | E98: =Неделя!E98 -> 0 | F98: =Неделя!F98 -> 0 | G98: =Неделя!G98 -> 0 | H98: =Неделя!J98 -> 0
A99: =Неделя!A99 -> Джулия советская 180 | C99: =Неделя!C99 -> 1 | D99: =Неделя!D99 -> 0 | E99: =Неделя!E99 -> 0 | F99: =Неделя!F99 -> 0 | G99: =Неделя!G99 -> 0 | H99: =Неделя!J99 -> 0
A100: =Неделя!A100 -> Ив роше Ленина180 | C100: =Неделя!C100 -> 1 | D100: =Неделя!D100 -> 0 | E100: =Неделя!E100 -> 0 | F100: =Неделя!F100 -> 0 | G100: =Неделя!G100 -> 0 | H100: =Неделя!J100 -> 0
A101: =Неделя!A101 -> Ик надежда 150 | B101: =Неделя!B101 -> 1.275 | C101: =Неделя!C101 -> 0 | D101: =Неделя!D101 -> 1 | E101: =Неделя!E101 -> 0 | F101: =Неделя!F101 -> 0 | G101: =Неделя!G101 -> 0 | H101: =Неделя!J101 -> 1
A102: =Неделя!A102 -> Инвитро пушкина 189-2х150 | C102: =Неделя!C102 -> 0 | D102: =Неделя!D102 -> 2 | E102: =Неделя!E102 -> 0 | F102: =Неделя!F102 -> 0 | G102: =Неделя!G102 -> 0 | H102: =Неделя!J102 -> 0
A103: =Неделя!A103 -> Инвитро юбилейный 180 | C103: =Неделя!C103 -> 1 | D103: =Неделя!D103 -> 0 | E103: =Неделя!E103 -> 0 | F103: =Неделя!F103 -> 0 | G103: =Неделя!G103 -> 0 | H103: =Неделя!J103 -> 0
A104: =Неделя!A104 -> Ингострах 2х150 | B104: =Неделя!B104 -> 2.55 | C104: =Неделя!C104 -> 0 | D104: =Неделя!D104 -> 2 | E104: =Неделя!E104 -> 0 | F104: =Неделя!F104 -> 0 | G104: =Неделя!G104 -> 0 | H104: =Неделя!J104 -> 1
A105: =Неделя!A105 -> Календарь подарков ленина-180 | B105: =Неделя!B105 -> 2.07 | C105: =Неделя!C105 -> 1 | D105: =Неделя!D105 -> 0 | E105: =Неделя!E105 -> 0 | F105: =Неделя!F105 -> 0 | G105: =Неделя!G105 -> 0 | H105: =Неделя!J105 -> 1
A106: =Неделя!A106 -> Каменный цветок омская 101 150 нов | C106: =Неделя!C106 -> 0 | D106: =Неделя!D106 -> 1 | E106: =Неделя!E106 -> 0 | F106: =Неделя!F106 -> 0 | G106: =Неделя!G106 -> 0 | H106: =Неделя!J106 -> 0
A107: =Неделя!A107 -> Карэ гараж К.Маркса 60а 150 | B107: =Неделя!B107 -> 1.275 | C107: =Неделя!C107 -> 0 | D107: =Неделя!D107 -> 1 | E107: =Неделя!E107 -> 0 | F107: =Неделя!F107 -> 0 | G107: =Неделя!G107 -> 0 | H107: =Неделя!J107 -> 1
A108: =Неделя!A108 -> Карэ гоголя 37 150 нов. кор. | C108: =Неделя!C108 -> 0 | D108: =Неделя!D108 -> 1 | E108: =Неделя!E108 -> 0 | F108: =Неделя!F108 -> 0 | G108: =Неделя!G108 -> 0 | H108: =Неделя!J108 -> 0
A109: =Неделя!A109 -> Карэ к. Маркса 46 3х150 нов кор | B109: =Неделя!B109 -> 3.825 | C109: =Неделя!C109 -> 0 | D109: =Неделя!D109 -> 3 | E109: =Неделя!E109 -> 0 | F109: =Неделя!F109 -> 0 | G109: =Неделя!G109 -> 0 | H109: =Неделя!J109 -> 1
A110: =Неделя!A110 -> Карэ ленина 150 коричневый | C110: =Неделя!C110 -> 0 | D110: =Неделя!D110 -> 1 | E110: =Неделя!E110 -> 0 | F110: =Неделя!F110 -> 0 | G110: =Неделя!G110 -> 0 | H110: =Неделя!J110 -> 0
A111: =Неделя!A111 -> Комиссоныч юбилейный-150 рез. | C111: =Неделя!C111 -> 0 | D111: =Неделя!D111 -> 1 | E111: =Неделя!E111 -> 0 | F111: =Неделя!F111 -> 0 | G111: =Неделя!G111 -> 0 | H111: =Неделя!J111 -> 0
A112: =Неделя!A112 -> Консультант + васильева 7 240старый | B112: =Неделя!B112 -> 2.7 | C112: =Неделя!C112 -> 1 | D112: =Неделя!D112 -> 0 | E112: =Неделя!E112 -> 0 | F112: =Неделя!F112 -> 0 | G112: =Неделя!G112 -> 0 | H112: =Неделя!J112 -> 1
A113: =Неделя!A113 -> 0 | B113: =Неделя!B113 -> 0 | C113: =Неделя!C113 -> 0 | D113: =Неделя!D113 -> 0 | E113: =Неделя!E113 -> 0 | F113: =Неделя!F113 -> 0 | G113: =Неделя!G113 -> 0 | H113: =Неделя!J113 -> 0
A114: =Неделя!A114 -> 0 | B114: =Неделя!B114 -> 0 | C114: =Неделя!C114 -> 0 | D114: =Неделя!D114 -> 0 | E114: =Неделя!E114 -> 0 | F114: =Неделя!F114 -> 0 | G114: =Неделя!G114 -> 0 | H114: =Неделя!J114 -> 0
A115: =Неделя!A115 -> Мед центр космольская 180 | C115: =Неделя!C115 -> 1 | D115: =Неделя!D115 -> 0 | E115: =Неделя!E115 -> 0 | F115: =Неделя!F115 -> 0 | G115: =Неделя!G115 -> 0 | H115: =Неделя!J115 -> 0
A116: =Неделя!A116 -> Мисс т 150 сер, нов. 1шт. | C116: =Неделя!C116 -> 0 | D116: =Неделя!D116 -> 1 | E116: =Неделя!E116 -> 0 | F116: =Неделя!F116 -> 0 | G116: =Неделя!G116 -> 0 | H116: =Неделя!J116 -> 0
A117: =Неделя!A117 -> Неил хаус 150 новый | C117: =Неделя!C117 -> 0 | D117: =Неделя!D117 -> 1 | E117: =Неделя!E117 -> 0 | F117: =Неделя!F117 -> 0 | G117: =Неделя!G117 -> 0 | H117: =Неделя!J117 -> 0
A118: =Неделя!A118 -> Обувные ленина-3х150 старые | B118: =Неделя!B118 -> 3.825 | C118: =Неделя!C118 -> 0 | D118: =Неделя!D118 -> 3 | E118: =Неделя!E118 -> 0 | F118: =Неделя!F118 -> 0 | G118: =Неделя!G118 -> 0 | H118: =Неделя!J118 -> 1
A119: =Неделя!A119 -> 0 | C119: =Неделя!C119 -> 0 | D119: =Неделя!D119 -> 0 | E119: =Неделя!E119 -> 0 | F119: =Неделя!F119 -> 0 | G119: =Неделя!G119 -> 0 | H119: =Неделя!J119 -> 0
A120: =Неделя!A120 -> Омс 2х180 | C120: =Неделя!C120 -> 2 | D120: =Неделя!D120 -> 0 | E120: =Неделя!E120 -> 0 | F120: =Неделя!F120 -> 0 | G120: =Неделя!G120 -> 0 | H120: =Неделя!J120 -> 0
A121: =Неделя!A121 -> Отель сервис, ресторан 180х3 | B121: =Неделя!B121 -> 6.21 | C121: =Неделя!C121 -> 3 | D121: =Неделя!D121 -> 0 | E121: =Неделя!E121 -> 0 | F121: =Неделя!F121 -> 0 | G121: =Неделя!G121 -> 0 | H121: =Неделя!J121 -> 0
A122: =Неделя!A122 -> Отп ленина-150 резаный | B122: =Неделя!B122 -> 1.275 | C122: =Неделя!C122 -> 0 | D122: =Неделя!D122 -> 1 | E122: =Неделя!E122 -> 0 | F122: =Неделя!F122 -> 0 | G122: =Неделя!G122 -> 0 | H122: =Неделя!J122 -> 1
A123: =Неделя!A123 -> Офис центр куйбышева-красина 180,150рез | B123: =Неделя!B123 -> 3.345 | C123: =Неделя!C123 -> 1 | D123: =Неделя!D123 -> 1 | E123: =Неделя!E123 -> 0 | F123: =Неделя!F123 -> 0 | G123: =Неделя!G123 -> 0 | H123: =Неделя!J123 -> 1
A124: =Неделя!A124 -> Палаццо Гоголя150 рез | C124: =Неделя!C124 -> 0 | D124: =Неделя!D124 -> 1 | E124: =Неделя!E124 -> 0 | F124: =Неделя!F124 -> 0 | G124: =Неделя!G124 -> 0 | H124: =Неделя!J124 -> 0
A125: =Неделя!A125 -> Парикмахерская тут бут 2х150 нов | B125: =Неделя!B125 -> 2.55 | C125: =Неделя!C125 -> 0 | D125: =Неделя!D125 -> 2 | E125: =Неделя!E125 -> 0 | F125: =Неделя!F125 -> 0 | G125: =Неделя!G125 -> 0 | H125: =Неделя!J125 -> 1
A126: =Неделя!A126 -> Планета обуви ленина- 2х200 старые | B126: =Неделя!B126 -> 4.14 | C126: =Неделя!C126 -> 2 | D126: =Неделя!D126 -> 0 | E126: =Неделя!E126 -> 0 | F126: =Неделя!F126 -> 0 | G126: =Неделя!G126 -> 0 | H126: =Неделя!J126 -> 1
A127: =Неделя!A127 -> Платинум володарская150 сер. 1 шт. | C127: =Неделя!C127 -> 0 | D127: =Неделя!D127 -> 1 | E127: =Неделя!E127 -> 0 | F127: =Неделя!F127 -> 0 | G127: =Неделя!G127 -> 0 | H127: =Неделя!J127 -> 0
A128: =Неделя!A128 -> Платон к.Мяготина 180 | B128: =Неделя!B128 -> 2.07 | C128: =Неделя!C128 -> 1 | D128: =Неделя!D128 -> 0 | E128: =Неделя!E128 -> 0 | F128: =Неделя!F128 -> 0 | G128: =Неделя!G128 -> 0 | H128: =Неделя!J128 -> 1
A129: =Неделя!A129 -> Подиум ленина 180 | C129: =Неделя!C129 -> 1 | D129: =Неделя!D129 -> 0 | E129: =Неделя!E129 -> 0 | F129: =Неделя!F129 -> 0 | G129: =Неделя!G129 -> 0 | H129: =Неделя!J129 -> 0
A130: =Неделя!A130 -> Прайм фитнес клуб 2х150 новые | B130: =Неделя!B130 -> 2.55 | C130: =Неделя!C130 -> 0 | D130: =Неделя!D130 -> 2 | E130: =Неделя!E130 -> 0 | F130: =Неделя!F130 -> 0 | G130: =Неделя!G130 -> 0 | H130: =Неделя!J130 -> 1
A131: =Неделя!A131 -> Пышка | C131: =Неделя!C131 -> 0 | D131: =Неделя!D131 -> 1 | E131: =Неделя!E131 -> 0 | F131: =Неделя!F131 -> 0 | G131: =Неделя!G131 -> 0 | H131: =Неделя!J131 -> 0
A132: =Неделя!A132 -> Разговоры ЦПКОИ 180 | C132: =Неделя!C132 -> 1 | D132: =Неделя!D132 -> 0 | E132: =Неделя!E132 -> 0 | F132: =Неделя!F132 -> 0 | G132: =Неделя!G132 -> 0 | H132: =Неделя!J132 -> 0
A133: =Неделя!A133 -> Рикер ленина-200 старый | B133: =Неделя!B133 -> 2.07 | C133: =Неделя!C133 -> 1 | D133: =Неделя!D133 -> 0 | E133: =Неделя!E133 -> 0 | F133: =Неделя!F133 -> 0 | G133: =Неделя!G133 -> 0 | H133: =Неделя!J133 -> 1
A134: =Неделя!A134 -> Саквояж ленина-180 | B134: =Неделя!B134 -> 2.07 | C134: =Неделя!C134 -> 1 | D134: =Неделя!D134 -> 0 | E134: =Неделя!E134 -> 0 | F134: =Неделя!F134 -> 0 | G134: =Неделя!G134 -> 0 | H134: =Неделя!J134 -> 1
A135: =Неделя!A135 -> 0 | C135: =Неделя!C135 -> 0 | D135: =Неделя!D135 -> 0 | E135: =Неделя!E135 -> 0 | F135: =Неделя!F135 -> 0 | G135: =Неделя!G135 -> 0 | H135: =Неделя!J135 -> 0
A136: =Неделя!A136 -> Сибирский газовик володарского 65, 150 сер. 3 шт | B136: =Неделя!B136 -> 3.825 | C136: =Неделя!C136 -> 0 | D136: =Неделя!D136 -> 3 | E136: =Неделя!E136 -> 0 | F136: =Неделя!F136 -> 0 | G136: =Неделя!G136 -> 0 | H136: =Неделя!J136 -> 1
A137: =Неделя!A137 -> Скорпион 150 | C137: =Неделя!C137 -> 0 | D137: =Неделя!D137 -> 1 | E137: =Неделя!E137 -> 0 | F137: =Неделя!F137 -> 0 | G137: =Неделя!G137 -> 0 | H137: =Неделя!J137 -> 0
A138: =Неделя!A138 -> 0 | C138: =Неделя!C138 -> 0 | D138: =Неделя!D138 -> 0 | E138: =Неделя!E138 -> 0 | F138: =Неделя!F138 -> 0 | G138: =Неделя!G138 -> 0 | H138: =Неделя!J138 -> 0
A139: =Неделя!A139 -> Совкомбанк Ленина 180 | C139: =Неделя!C139 -> 1 | D139: =Неделя!D139 -> 0 | E139: =Неделя!E139 -> 0 | F139: =Неделя!F139 -> 0 | G139: =Неделя!G139 -> 0 | H139: =Неделя!J139 -> 0
A140: =Неделя!A140 -> совкомбанк гоголя-180 | C140: =Неделя!C140 -> 1 | D140: =Неделя!D140 -> 0 | E140: =Неделя!E140 -> 0 | F140: =Неделя!F140 -> 0 | G140: =Неделя!G140 -> 0 | H140: =Неделя!J140 -> 0
A141: =Неделя!A141 -> Стиляги площадь серый новый 150+150 | C141: =Неделя!C141 -> 0 | D141: =Неделя!D141 -> 2 | E141: =Неделя!E141 -> 0 | F141: =Неделя!F141 -> 0 | G141: =Неделя!G141 -> 0 | H141: =Неделя!J141 -> 0
A142: =Неделя!A142 -> Триумф 180 | B142: =Неделя!B142 -> 2.07 | C142: =Неделя!C142 -> 1 | D142: =Неделя!D142 -> 0 | E142: =Неделя!E142 -> 0 | F142: =Неделя!F142 -> 0 | G142: =Неделя!G142 -> 0 | H142: =Неделя!J142 -> 0
A143: =Неделя!A143 -> 0 | B143: =Неделя!B143 -> 0 | C143: =Неделя!C143 -> 0 | D143: =Неделя!D143 -> 0 | E143: =Неделя!E143 -> 0 | F143: =Неделя!F143 -> 0 | G143: =Неделя!G143 -> 0 | H143: =Неделя!J143 -> 0
A144: =Неделя!A144 -> Фам-150 | C144: =Неделя!C144 -> 0 | D144: =Неделя!D144 -> 1 | E144: =Неделя!E144 -> 0 | F144: =Неделя!F144 -> 0 | G144: =Неделя!G144 -> 0 | H144: =Неделя!J144 -> 0
A145: =Неделя!A145 -> Франческо донни 150 рез. | C145: =Неделя!C145 -> 0 | D145: =Неделя!D145 -> 1 | E145: =Неделя!E145 -> 0 | F145: =Неделя!F145 -> 0 | G145: =Неделя!G145 -> 0 | H145: =Неделя!J145 -> 0
A146: =Неделя!A146 -> чунунок к. Мяготина-1x180 | C146: =Неделя!C146 -> 1 | D146: =Неделя!D146 -> 0 | E146: =Неделя!E146 -> 0 | F146: =Неделя!F146 -> 0 | G146: =Неделя!G146 -> 0 | H146: =Неделя!J146 -> 0
A147: =Неделя!A147 -> Швейный мир 2-60х80 | C147: =Неделя!C147 -> 0 | D147: =Неделя!D147 -> 0 | E147: =Неделя!E147 -> 2 | F147: =Неделя!F147 -> 0 | G147: =Неделя!G147 -> 0 | H147: =Неделя!J147 -> 0
A148: =Неделя!A148 -> 0 | C148: =Неделя!C148 -> 0 | D148: =Неделя!D148 -> 0 | E148: =Неделя!E148 -> 0 | F148: =Неделя!F148 -> 0 | G148: =Неделя!G148 -> 0 | H148: =Неделя!J148 -> 0
A149: =Неделя!A149 -> Эльшуз 150 | C149: =Неделя!C149 -> 0 | D149: =Неделя!D149 -> 1 | E149: =Неделя!E149 -> 0 | F149: =Неделя!F149 -> 0 | G149: =Неделя!G149 -> 0 | H149: =Неделя!J149 -> 0
A150: =Неделя!A150 -> Япошка Юбилейный 150 резаный | C150: =Неделя!C150 -> 0 | D150: =Неделя!D150 -> 1 | E150: =Неделя!E150 -> 0 | F150: =Неделя!F150 -> 0 | G150: =Неделя!G150 -> 0 | H150: =Неделя!J150 -> 0
A151: =Неделя!A151 -> Plaza томина 150 ноябрь | C151: =Неделя!C151 -> 0 | D151: =Неделя!D151 -> 1 | E151: =Неделя!E151 -> 0 | F151: =Неделя!F151 -> 0 | G151: =Неделя!G151 -> 0 | H151: =Неделя!J151 -> 0
A152: =Неделя!A152 -> SoupRamen 180 | C152: =Неделя!C152 -> 1 | D152: =Неделя!D152 -> 0 | E152: =Неделя!E152 -> 0 | F152: =Неделя!F152 -> 0 | G152: =Неделя!G152 -> 0 | H152: =Неделя!J152 -> 0
B153: =SUBTOTAL(9,B1:B152) -> 137.962 | C153: =Неделя!C154 -> 180 | D153: =Неделя!D154 -> 150 | E153: =Неделя!E154 -> рез | F153: =Неделя!F154 -> 400 | G153: =Неделя!G154 -> 250 | H153: =Неделя!J154 -> вт
A154: =Неделя!A155 -> 0 | C154: =Неделя!C155 -> 180 | D154: =Неделя!D155 -> 150 | E154: =Неделя!E155 -> рез | F154: =Неделя!F155 -> 400 | G154: =Неделя!G155 -> 250 | H154: =Неделя!J155 -> 0
A155: =Неделя!A156 -> 0 | C155: =Неделя!C156 -> 28 | D155: =Неделя!D156 -> 23 | E155: =Неделя!E156 -> 3 | F155: =Неделя!F156 -> 1 | G155: =Неделя!G156 -> 1 | H155: =Неделя!J156 -> 0
A156: =Неделя!A157 -> 0 | C156: =Неделя!C157 -> 0 | D156: =Неделя!D157 -> 0 | E156: =Неделя!E157 -> 0 | F156: =Неделя!F157 -> 0 | G156: =Неделя!G157 -> 0 | H156: =Неделя!J157 -> 0
A157: =Неделя!A158 -> 0 | C157: =Неделя!C158 -> 0 | D157: =Неделя!D158 -> 0 | E157: =Неделя!E158 -> 0 | F157: =Неделя!F158 -> 0 | G157: =Неделя!G158 -> 0 | H157: =Неделя!J158 -> 0
...

Sheet среда
B1: =Неделя!A1 -> Велес гоголя 180 | C1: =Неделя!B1 -> 2.07 | D1: =Неделя!C1 -> 1 | E1: =Неделя!D1 -> 0 | F1: =Неделя!E1 -> 0 | G1: =Неделя!F1 -> 0 | H1: =Неделя!G1 -> 0 | I1: =Неделя!K1 -> 1
B2: =Неделя!A2 -> Велес красина 180 | C2: =Неделя!B2 -> 2.07 | D2: =Неделя!C2 -> 1 | E2: =Неделя!D2 -> 0 | F2: =Неделя!E2 -> 0 | G2: =Неделя!F2 -> 0 | H2: =Неделя!G2 -> 0 | I2: =Неделя!K2 -> 1
B3: =Неделя!A3 -> департамент финансов советская 66-150 резаный | C3: =Неделя!B3 -> 1.275 | D3: =Неделя!C3 -> 0 | E3: =Неделя!D3 -> 1 | F3: =Неделя!E3 -> 0 | G3: =Неделя!F3 -> 0 | H3: =Неделя!G3 -> 0 | I3: =Неделя!K3 -> 1
B4: =Неделя!A4 -> метрополис к. Маркса -2x180, 2x150 | C4: =Неделя!B4 -> 6.69 | D4: =Неделя!C4 -> 2 | E4: =Неделя!D4 -> 2 | F4: =Неделя!E4 -> 0 | G4: =Неделя!F4 -> 0 | H4: =Неделя!G4 -> 0 | I4: =Неделя!K4 -> 1
B5: =Неделя!A5 -> метрополис Москва-2х180 | C5: =Неделя!B5 -> 4.14 | D5: =Неделя!C5 -> 2 | E5: =Неделя!D5 -> 0 | F5: =Неделя!E5 -> 0 | G5: =Неделя!F5 -> 0 | H5: =Неделя!G5 -> 0 | I5: =Неделя!K5 -> 1
B6: =Неделя!A6 -> МТС ленина 6 180 | C6: =Неделя!B6 -> 2.07 | D6: =Неделя!C6 -> 1 | E6: =Неделя!D6 -> 0 | F6: =Неделя!E6 -> 0 | G6: =Неделя!F6 -> 0 | H6: =Неделя!G6 -> 0 | I6: =Неделя!K6 -> 1
B7: =Неделя!A7 -> пальмира Ленина 5- 200 новый 150 нов | C7: =Неделя!B7 -> 3.345 | D7: =Неделя!C7 -> 1 | E7: =Неделя!D7 -> 1 | F7: =Неделя!E7 -> 0 | G7: =Неделя!F7 -> 0 | H7: =Неделя!G7 -> 0 | I7: =Неделя!K7 -> 1
B8: =Неделя!A8 -> чунунок к. Мяготина-2x180 | C8: =Неделя!B8 -> 4.14 | D8: =Неделя!C8 -> 2 | E8: =Неделя!D8 -> 0 | F8: =Неделя!E8 -> 0 | G8: =Неделя!F8 -> 0 | H8: =Неделя!G8 -> 0 | I8: =Неделя!K8 -> 1
B9: =Неделя!A9 -> Сбер академия 2х150 коричнев стар | C9: =Неделя!B9 -> 2.55 | D9: =Неделя!C9 -> 0 | E9: =Неделя!D9 -> 2 | F9: =Неделя!E9 -> 0 | G9: =Неделя!F9 -> 0 | H9: =Неделя!G9 -> 0 | I9: =Неделя!K9 -> 1
B10: =Неделя!A10 -> Сбер красина 2х150 | C10: =Неделя!B10 -> 2.55 | D10: =Неделя!C10 -> 0 | E10: =Неделя!D10 -> 2 | F10: =Неделя!E10 -> 0 | G10: =Неделя!F10 -> 0 | H10: =Неделя!G10 -> 0 | I10: =Неделя!K10 -> 1
B11: =Неделя!A11 -> сбербанк гоголя 98-3ий вход 1 х 150 | C11: =Неделя!B11 -> 1.275 | D11: =Неделя!C11 -> 2 | E11: =Неделя!D11 -> 5 | F11: =Неделя!E11 -> 0 | G11: =Неделя!F11 -> 0 | H11: =Неделя!G11 -> 0 | I11: =Неделя!K11 -> 1
B12: =Неделя!A12 -> сбербанк гоголя103- 2х150 коричневые | C12: =Неделя!B12 -> 2.55 | D12: =Неделя!C12 -> 0 | E12: =Неделя!D12 -> 2 | F12: =Неделя!E12 -> 0 | G12: =Неделя!F12 -> 0 | H12: =Неделя!G12 -> 0 | I12: =Неделя!K12 -> 1
B13: =Неделя!A86 -> Альфастрахование 2х180 | C13: =Неделя!B86 -> 4.14 | D13: =Неделя!C86 -> 2 | E13: =Неделя!D86 -> 0 | F13: =Неделя!E86 -> 0 | G13: =Неделя!F86 -> 0 | H13: =Неделя!G86 -> 0 | I13: =Неделя!K86 -> 1
B14: =Неделя!A89 -> 0 | C14: =Неделя!B89 -> 0 | D14: =Неделя!C89 -> 0 | E14: =Неделя!D89 -> 0 | F14: =Неделя!E89 -> 0 | G14: =Неделя!F89 -> 0 | H14: =Неделя!G89 -> 0 | I14: =Неделя!K89 -> 0
B15: =Неделя!A13 -> Велес дзержинского 180 | C15: =Неделя!B13 -> 2.07 | D15: =Неделя!C13 -> 1 | E15: =Неделя!D13 -> 0 | F15: =Неделя!E13 -> 0 | G15: =Неделя!F13 -> 0 | H15: =Неделя!G13 -> 0 | I15: =Неделя!K13 -> 1
B16: =Неделя!A14 -> велес юбилейный-150 новый | C16: =Неделя!B14 -> 1.275 | D16: =Неделя!C14 -> 0 | E16: =Неделя!D14 -> 1 | F16: =Неделя!E14 -> 0 | G16: =Неделя!F14 -> 0 | H16: =Неделя!G14 -> 0 | I16: =Неделя!K14 -> 1
B17: =Неделя!A94 -> Вояж володарская150 сер. 1 шт.нов. | C17: =Неделя!B94 -> 1.275 | D17: =Неделя!C94 -> 0 | E17: =Неделя!D94 -> 1 | F17: =Неделя!E94 -> 0 | G17: =Неделя!F94 -> 0 | H17: =Неделя!G94 -> 0 | I17: =Неделя!K94 -> 1
B18: =Неделя!A15 -> газпроммежрегионгаз- 2x150, 180 | C18: =Неделя!B15 -> 4.62 | D18: =Неделя!C15 -> 1 | E18: =Неделя!D15 -> 0 | F18: =Неделя!E15 -> 0 | G18: =Неделя!F15 -> 0 | H18: =Неделя!G15 -> 0 | I18: =Неделя!K15 -> 1
B19: =Неделя!A97 -> Джинса ленина 150 | C19: =Неделя!B97 -> 1.275 | D19: =Неделя!C97 -> 0 | E19: =Неделя!D97 -> 1 | F19: =Неделя!E97 -> 0 | G19: =Неделя!F97 -> 0 | H19: =Неделя!G97 -> 0 | I19: =Неделя!K97 -> 1
B20: =Неделя!A100 -> Ив роше Ленина180 | C20: =Неделя!B100 -> 2.07 | D20: =Неделя!C100 -> 1 | E20: =Неделя!D100 -> 0 | F20: =Неделя!E100 -> 0 | G20: =Неделя!F100 -> 0 | H20: =Неделя!G100 -> 0 | I20: =Неделя!K100 -> 1
B21: =Неделя!A106 -> Каменный цветок омская 101 150 нов | C21: =Неделя!B106 -> 1.275 | D21: =Неделя!C106 -> 0 | E21: =Неделя!D106 -> 1 | F21: =Неделя!E106 -> 0 | G21: =Неделя!F106 -> 0 | H21: =Неделя!G106 -> 0 | I21: =Неделя!K106 -> 1
B22: =Неделя!A153 -> Каре Куйбышева 150 | C22: =Неделя!B153 -> 1.275 | D22: =Неделя!C153 -> 0 | E22: =Неделя!D153 -> 0 | F22: =Неделя!E153 -> 0 | G22: =Неделя!F153 -> 0 | H22: =Неделя!G153 -> 0 | I22: =Неделя!K153 -> 1
B23: =Неделя!A110 -> Карэ ленина 150 коричневый | C23: =Неделя!B110 -> 1.275 | D23: =Неделя!C110 -> 0 | E23: =Неделя!D110 -> 1 | F23: =Неделя!E110 -> 0 | G23: =Неделя!F110 -> 0 | H23: =Неделя!G110 -> 0 | I23: =Неделя!K110 -> 1
B24: =Неделя!A16 -> Кижк 400 рез, 180 | C24: =Неделя!B16 -> 6.07 | D24: =Неделя!C16 -> 1 | E24: =Неделя!D16 -> 0 | F24: =Неделя!E16 -> 0 | G24: =Неделя!F16 -> 1 | H24: =Неделя!G16 -> 0 | I24: =Неделя!K16 -> 1
B25: =Неделя!A17 -> кодак Кирова-150 старые | C25: =Неделя!B17 -> 1.275 | D25: =Неделя!C17 -> 0 | E25: =Неделя!D17 -> 1 | F25: =Неделя!E17 -> 0 | G25: =Неделя!F17 -> 0 | H25: =Неделя!G17 -> 0 | I25: =Неделя!K17 -> 1
B26: =Неделя!A113 -> 0 | C26: =Неделя!B113 -> 0 | D26: =Неделя!C113 -> 0 | E26: =Неделя!D113 -> 0 | F26: =Неделя!E113 -> 0 | G26: =Неделя!F113 -> 0 | H26: =Неделя!G113 -> 0 | I26: =Неделя!K113 -> 0
B27: =Неделя!A114 -> 0 | C27: =Неделя!B114 -> 0 | D27: =Неделя!C114 -> 0 | E27: =Неделя!D114 -> 0 | F27: =Неделя!E114 -> 0 | G27: =Неделя!F114 -> 0 | H27: =Неделя!G114 -> 0 | I27: =Неделя!K114 -> 0
B28: =Неделя!A18 -> мегаблин гоголя-180 | C28: =Неделя!B18 -> 2.07 | D28: =Неделя!C18 -> 1 | E28: =Неделя!D18 -> 0 | F28: =Неделя!E18 -> 0 | G28: =Неделя!F18 -> 0 | H28: =Неделя!G18 -> 0 | I28: =Неделя!K18 -> 1
B29: =Неделя!A19 -> Монетка гоголя 103 -180 | C29: =Неделя!B19 -> 2.07 | D29: =Неделя!C19 -> 1 | E29: =Неделя!D19 -> 0 | F29: =Неделя!E19 -> 0 | G29: =Неделя!F19 -> 0 | H29: =Неделя!G19 -> 0 | I29: =Неделя!K19 -> 1
B30: =Неделя!A20 -> Монетка кирова 180 | C30: =Неделя!B20 -> 2.07 | D30: =Неделя!C20 -> 1 | E30: =Неделя!D20 -> 0 | F30: =Неделя!E20 -> 0 | G30: =Неделя!F20 -> 0 | H30: =Неделя!G20 -> 0 | I30: =Неделя!K20 -> 1
B31: =Неделя!A21 -> Монетка красина 180 | C31: =Неделя!B21 -> 2.07 | D31: =Неделя!C21 -> 1 | E31: =Неделя!D21 -> 0 | F31: =Неделя!E21 -> 0 | G31: =Неделя!F21 -> 0 | H31: =Неделя!G21 -> 0 | I31: =Неделя!K21 -> 1
B32: =Неделя!A22 -> Монетка пушкина 49-180 | C32: =Неделя!B22 -> 2.07 | D32: =Неделя!C22 -> 1 | E32: =Неделя!D22 -> 0 | F32: =Неделя!E22 -> 0 | G32: =Неделя!F22 -> 0 | H32: =Неделя!G22 -> 0 | I32: =Неделя!K22 -> 1
B33: =Неделя!A23 -> Монтка Ленина М Горько 180 | C33: =Неделя!B23 -> 2.07 | D33: =Неделя!C23 -> 1 | E33: =Неделя!D23 -> 0 | F33: =Неделя!E23 -> 0 | G33: =Неделя!F23 -> 0 | H33: =Неделя!G23 -> 0 | I33: =Неделя!K23 -> 1
B34: =Неделя!A24 -> Мясной к. маркса 150 рез | C34: =Неделя!B24 -> 1.275 | D34: =Неделя!C24 -> 0 | E34: =Неделя!D24 -> 1 | F34: =Неделя!E24 -> 0 | G34: =Неделя!F24 -> 0 | H34: =Неделя!G24 -> 0 | I34: =Неделя!K24 -> 1
B35: =Неделя!A25 -> Мясной советская 39 180 | C35: =Неделя!B25 -> 2.07 | D35: =Неделя!C25 -> 1 | E35: =Неделя!D25 -> 0 | F35: =Неделя!E25 -> 0 | G35: =Неделя!F25 -> 0 | H35: =Неделя!G25 -> 0 | I35: =Неделя!K25 -> 1
B36: =Неделя!A36 -> Авангард банк красина 180 сер. 1 шт | C36: =Неделя!B36 -> 2.07 | D36: =Неделя!C36 -> 1 | E36: =Неделя!D36 -> 0 | F36: =Неделя!E36 -> 0 | G36: =Неделя!F36 -> 0 | H36: =Неделя!G36 -> 0 | I36: =Неделя!K36 -> 0
B37: =Неделя!A37 -> Альфа банк гоголя 180 | C37: =Неделя!B37 -> 2.07 | D37: =Неделя!C37 -> 1 | E37: =Неделя!D37 -> 0 | F37: =Неделя!E37 -> 0 | G37: =Неделя!F37 -> 0 | H37: =Неделя!G37 -> 0 | I37: =Неделя!K37 -> 0
B38: =Неделя!A38 -> Альфа банк Гоголя-красина 150 сер.нов.1 шт. | C38: =Неделя!B38 -> 1.275 | D38: =Неделя!C38 -> 0 | E38: =Неделя!D38 -> 1 | F38: =Неделя!E38 -> 0 | G38: =Неделя!F38 -> 0 | H38: =Неделя!G38 -> 0 | I38: =Неделя!K38 -> 0
B39: =Неделя!A39 -> Альфа мед гоголя-2х180 | C39: =Неделя!B39 -> 4.14 | D39: =Неделя!C39 -> 2 | E39: =Неделя!D39 -> 0 | F39: =Неделя!E39 -> 0 | G39: =Неделя!F39 -> 0 | H39: =Неделя!G39 -> 0 | I39: =Неделя!K39 -> 0
B40: =Неделя!A40 -> Альфа мед к.маркса -2х180,(ц.зд. Женщины, кометология) | C40: =Неделя!B40 -> 4.14 | D40: =Неделя!C40 -> 2 | E40: =Неделя!D40 -> 0 | F40: =Неделя!E40 -> 0 | G40: =Неделя!F40 -> 0 | H40: =Неделя!G40 -> 0 | I40: =Неделя!K40 -> 0
B41: =Неделя!A41 -> Аннушка куйбышева 180 | C41: =Неделя!B41 -> 2.07 | D41: =Неделя!C41 -> 1 | E41: =Неделя!D41 -> 0 | F41: =Неделя!E41 -> 0 | G41: =Неделя!F41 -> 0 | H41: =Неделя!G41 -> 0 | I41: =Неделя!K41 -> 0
B42: =Неделя!A42 -> Аптека гоголя 37-150 | C42: =Неделя!B42 -> 1.275 | D42: =Неделя!C42 -> 0 | E42: =Неделя!D42 -> 1 | F42: =Неделя!E42 -> 0 | G42: =Неделя!F42 -> 0 | H42: =Неделя!G42 -> 0 | I42: =Неделя!K42 -> 0
B43: =Неделя!A43 -> Аптека гоголя 9-150 | C43: =Неделя!B43 -> 1.275 | D43: =Неделя!C43 -> 0 | E43: =Неделя!D43 -> 1 | F43: =Неделя!E43 -> 0 | G43: =Неделя!F43 -> 0 | H43: =Неделя!G43 -> 0 | I43: =Неделя!K43 -> 0
B44: =Неделя!A44 -> Аптека ленина 5-150 | C44: =Неделя!B44 -> 1.275 | D44: =Неделя!C44 -> 0 | E44: =Неделя!D44 -> 1 | F44: =Неделя!E44 -> 0 | G44: =Неделя!F44 -> 0 | H44: =Неделя!G44 -> 0 | I44: =Неделя!K44 -> 0
B45: =Неделя!A45 -> Аптека пушкина 91-2х150 | C45: =Неделя!B45 -> 2.55 | D45: =Неделя!C45 -> 0 | E45: =Неделя!D45 -> 2 | F45: =Неделя!E45 -> 0 | G45: =Неделя!F45 -> 0 | H45: =Неделя!G45 -> 0 | I45: =Неделя!K45 -> 0
B46: =Неделя!A46 -> Атлант кирова 250 | C46: =Неделя!B46 -> 3.7 | D46: =Неделя!C46 -> 0 | E46: =Неделя!D46 -> 0 | F46: =Неделя!E46 -> 1 | G46: =Неделя!F46 -> 0 | H46: =Неделя!G46 -> 0 | I46: =Неделя!K46 -> 0
B47: =Неделя!A47 -> Банк России 180 2шт | C47: =Неделя!B47 -> 4.14 | D47: =Неделя!C47 -> 2 | E47: =Неделя!D47 -> 2 | F47: =Неделя!E47 -> 0 | G47: =Неделя!F47 -> 0 | H47: =Неделя!G47 -> 0 | I47: =Неделя!K47 -> 0
... B85: =Неделя!A85 -> Алеф-банк 150 НОЯБРЬ | C85: =Неделя!B85 -> 1.275 | D85: =Неделя!C85 -> 0 | E85: =Неделя!D85 -> 1 | F85: =Неделя!E85 -> 0 | G85: =Неделя!F85 -> 0 | H85: =Неделя!G85 -> 0 | I85: =Неделя!K85 -> 0
B86: =Неделя!A117 -> Неил хаус 150 новый | C86: =Неделя!B117 -> 1.275 | D86: =Неделя!C117 -> 0 | E86: =Неделя!D117 -> 1 | F86: =Неделя!E117 -> 0 | G86: =Неделя!F117 -> 0 | H86: =Неделя!G117 -> 0 | I86: =Неделя!K117 -> 1
B87: =Неделя!A87 -> Аптека советская ленина 150 | C87: =Неделя!B87 -> 1.275 | D87: =Неделя!C87 -> 0 | E87: =Неделя!D87 -> 1 | F87: =Неделя!E87 -> 0 | G87: =Неделя!F87 -> 0 | H87: =Неделя!G87 -> 0 | I87: =Неделя!K87 -> 0
B88: =Неделя!A88 -> Баден Ленина-200 старый | C88: =Неделя!B88 -> 2.07 | D88: =Неделя!C88 -> 1 | E88: =Неделя!D88 -> 0 | F88: =Неделя!E88 -> 0 | G88: =Неделя!F88 -> 0 | H88: =Неделя!G88 -> 0 | I88: =Неделя!K88 -> 0
B89: =Неделя!A119 -> 0 | C89: =Неделя!B119 -> 0 | D89: =Неделя!C119 -> 0 | E89: =Неделя!D119 -> 0 | F89: =Неделя!E119 -> 0 | G89: =Неделя!F119 -> 0 | H89: =Неделя!G119 -> 0 | I89: =Неделя!K119 -> 0
B90: =Неделя!A90 -> Банк курган Гоголя 180 | C90: =Неделя!B90 -> 2.07 | D90: =Неделя!C90 -> 1 | E90: =Неделя!D90 -> 0 | F90: =Неделя!E90 -> 0 | G90: =Неделя!F90 -> 0 | H90: =Неделя!G90 -> 0 | I90: =Неделя!K90 -> 0
B91: =Неделя!A91 -> Банк курган площадь 150 сер. 1шт. | C91: =Неделя!B91 -> 1.275 | D91: =Неделя!C91 -> 0 | E91: =Неделя!D91 -> 1 | F91: =Неделя!E91 -> 0 | G91: =Неделя!F91 -> 0 | H91: =Неделя!G91 -> 0 | I91: =Неделя!K91 -> 0
B92: =Неделя!A92 -> Банк России 150 2шт | C92: =Неделя!B92 -> 2.55 | D92: =Неделя!C92 -> 0 | E92: =Неделя!D92 -> 0 | F92: =Неделя!E92 -> 0 | G92: =Неделя!F92 -> 1 | H92: =Неделя!G92 -> 0 | I92: =Неделя!K92 -> 0
B93: =Неделя!A93 -> Бенетон 150 | C93: =Неделя!B93 -> 1.275 | D93: =Неделя!C93 -> 0 | E93: =Неделя!D93 -> 1 | F93: =Неделя!E93 -> 0 | G93: =Неделя!F93 -> 0 | H93: =Неделя!G93 -> 0 | I93: =Неделя!K93 -> 0
B94: =Неделя!A121 -> Отель сервис, ресторан 180х3 | C94: =Неделя!B121 -> 6.21 | D94: =Неделя!C121 -> 3 | E94: =Неделя!D121 -> 0 | F94: =Неделя!E121 -> 0 | G94: =Неделя!F121 -> 0 | H94: =Неделя!G121 -> 0 | I94: =Неделя!K121 -> 1
B95: =Неделя!A95 -> Газпроммежрегионгаз Гоголя 98 1x150 | C95: =Неделя!B95 -> 1.275 | D95: =Неделя!C95 -> 0 | E95: =Неделя!D95 -> 0 | F95: =Неделя!E95 -> 0 | G95: =Неделя!F95 -> 0 | H95: =Неделя!G95 -> 0 | I95: =Неделя!K95 -> 0
B96: =Неделя!A96 -> газпроммежрегионгаз- 5х150 | C96: =Неделя!B96 -> 6.375 | D96: =Неделя!C96 -> 0 | E96: =Неделя!D96 -> 0 | F96: =Неделя!E96 -> 0 | G96: =Неделя!F96 -> 0 | H96: =Неделя!G96 -> 0 | I96: =Неделя!K96 -> 0
B97: =Неделя!A26 -> Пальмира гоголя 150 | C97: =Неделя!B26 -> 1.275 | D97: =Неделя!C26 -> 0 | E97: =Неделя!D26 -> 1 | F97: =Неделя!E26 -> 0 | G97: =Неделя!F26 -> 0 | H97: =Неделя!G26 -> 0 | I97: =Неделя!K26 -> 1
B98: =Неделя!A98 -> Джулия пролетарская 200 хороший | C98: =Неделя!B98 -> 2.07 | D98: =Неделя!C98 -> 1 | E98: =Неделя!D98 -> 0 | F98: =Неделя!E98 -> 0 | G98: =Неделя!F98 -> 0 | H98: =Неделя!G98 -> 0 | I98: =Неделя!K98 -> 0
B99: =Неделя!A99 -> Джулия советская 180 | C99: =Неделя!B99 -> 2.07 | D99: =Неделя!C99 -> 1 | E99: =Неделя!D99 -> 0 | F99: =Неделя!E99 -> 0 | G99: =Неделя!F99 -> 0 | H99: =Неделя!G99 -> 0 | I99: =Неделя!K99 -> 0
B100: =Неделя!A27 -> пальмира юбилейный-180 НОВЫЙ | C100: =Неделя!B27 -> 2.07 | D100: =Неделя!C27 -> 1 | E100: =Неделя!D27 -> 0 | F100: =Неделя!E27 -> 0 | G100: =Неделя!F27 -> 0 | H100: =Неделя!G27 -> 0 | I100: =Неделя!K27 -> 1
B101: =Неделя!A101 -> Ик надежда 150 | C101: =Неделя!B101 -> 1.275 | D101: =Неделя!C101 -> 0 | E101: =Неделя!D101 -> 1 | F101: =Неделя!E101 -> 0 | G101: =Неделя!F101 -> 0 | H101: =Неделя!G101 -> 0 | I101: =Неделя!K101 -> 0
B102: =Неделя!A102 -> Инвитро пушкина 189-2х150 | C102: =Неделя!B102 -> 1.275 | D102: =Неделя!C102 -> 0 | E102: =Неделя!D102 -> 2 | F102: =Неделя!E102 -> 0 | G102: =Неделя!F102 -> 0 | H102: =Неделя!G102 -> 0 | I102: =Неделя!K102 -> 0
B103: =Неделя!A103 -> Инвитро юбилейный 180 | C103: =Неделя!B103 -> 2.07 | D103: =Неделя!C103 -> 1 | E103: =Неделя!D103 -> 0 | F103: =Неделя!E103 -> 0 | G103: =Неделя!F103 -> 0 | H103: =Неделя!G103 -> 0 | I103: =Неделя!K103 -> 0
B104: =Неделя!A104 -> Ингострах 2х150 | C104: =Неделя!B104 -> 2.55 | D104: =Неделя!C104 -> 0 | E104: =Неделя!D104 -> 2 | F104: =Неделя!E104 -> 0 | G104: =Неделя!F104 -> 0 | H104: =Неделя!G104 -> 0 | I104: =Неделя!K104 -> 0
B105: =Неделя!A105 -> Календарь подарков ленина-180 | C105: =Неделя!B105 -> 2.07 | D105: =Неделя!C105 -> 1 | E105: =Неделя!D105 -> 0 | F105: =Неделя!E105 -> 0 | G105: =Неделя!F105 -> 0 | H105: =Неделя!G105 -> 0 | I105: =Неделя!K105 -> 0
B106: =Неделя!A127 -> Платинум володарская150 сер. 1 шт. | C106: =Неделя!B127 -> 1.275 | D106: =Неделя!C127 -> 0 | E106: =Неделя!D127 -> 1 | F106: =Неделя!E127 -> 0 | G106: =Неделя!F127 -> 0 | H106: =Неделя!G127 -> 0 | I106: =Неделя!K127 -> 1
B107: =Неделя!A107 -> Карэ гараж К.Маркса 60а 150 | C107: =Неделя!B107 -> 1.275 | D107: =Неделя!C107 -> 0 | E107: =Неделя!D107 -> 1 | F107: =Неделя!E107 -> 0 | G107: =Неделя!F107 -> 0 | H107: =Неделя!G107 -> 0 | I107: =Неделя!K107 -> 0
B108: =Неделя!A108 -> Карэ гоголя 37 150 нов. кор. | C108: =Неделя!B108 -> 1.275 | D108: =Неделя!C108 -> 0 | E108: =Неделя!D108 -> 1 | F108: =Неделя!E108 -> 0 | G108: =Неделя!F108 -> 0 | H108: =Неделя!G108 -> 0 | I108: =Неделя!K108 -> 0
B109: =Неделя!A109 -> Карэ к. Маркса 46 3х150 нов кор | C109: =Неделя!B109 -> 3.825 | D109: =Неделя!C109 -> 0 | E109: =Неделя!D109 -> 3 | F109: =Неделя!E109 -> 0 | G109: =Неделя!F109 -> 0 | H109: =Неделя!G109 -> 0 | I109: =Неделя!K109 -> 0
B110: =Неделя!A28 -> прогресс Пролетарская-180, 60x80 | C110: =Неделя!B28 -> 3.345 | D110: =Неделя!C28 -> 1 | E110: =Неделя!D28 -> 0 | F110: =Неделя!E28 -> 1 | G110: =Неделя!F28 -> 0 | H110: =Неделя!G28 -> 0 | I110: =Неделя!K28 -> 1
B111: =Неделя!A111 -> Комиссоныч юбилейный-150 рез. | C111: =Неделя!B111 -> 1.275 | D111: =Неделя!C111 -> 0 | E111: =Неделя!D111 -> 1 | F111: =Неделя!E111 -> 0 | G111: =Неделя!F111 -> 0 | H111: =Неделя!G111 -> 0 | I111: =Неделя!K111 -> 0
B112: =Неделя!A112 -> Консультант + васильева 7 240старый | C112: =Неделя!B112 -> 2.7 | D112: =Неделя!C112 -> 1 | E112: =Неделя!D112 -> 0 | F112: =Неделя!E112 -> 0 | G112: =Неделя!F112 -> 0 | H112: =Неделя!G112 -> 0 | I112: =Неделя!K112 -> 0
B113: =Неделя!A29 -> прогресс советская 180, 150 новые | C113: =Неделя!B29 -> 3.345 | D113: =Неделя!C29 -> 1 | E113: =Неделя!D29 -> 1 | F113: =Неделя!E29 -> 0 | G113: =Неделя!F29 -> 0 | H113: =Неделя!G29 -> 0 | I113: =Неделя!K29 -> 1
B114: =Неделя!A131 -> Пышка | C114: =Неделя!B131 -> 1.275 | D114: =Неделя!C131 -> 0 | E114: =Неделя!D131 -> 1 | F114: =Неделя!E131 -> 0 | G114: =Неделя!F131 -> 0 | H114: =Неделя!G131 -> 0 | I114: =Неделя!K131 -> 1
B115: =Неделя!A115 -> Мед центр космольская 180 | C115: =Неделя!B115 -> 2.07 | D115: =Неделя!C115 -> 1 | E115: =Неделя!D115 -> 0 | F115: =Неделя!E115 -> 0 | G115: =Неделя!F115 -> 0 | H115: =Неделя!G115 -> 0 | I115: =Неделя!K115 -> 0
B116: =Неделя!A116 -> Мисс т 150 сер, нов. 1шт. | C116: =Неделя!B116 -> 1.275 | D116: =Неделя!C116 -> 0 | E116: =Неделя!D116 -> 1 | F116: =Неделя!E116 -> 0 | G116: =Неделя!F116 -> 0 | H116: =Неделя!G116 -> 0 | I116: =Неделя!K116 -> 0
B117: =Неделя!A30 -> сбербанк гоголя 98-1 вх 3Х150 коричневые | C117: =Неделя!B30 -> 3.825 | D117: =Неделя!C30 -> 0 | E117: =Неделя!D30 -> 0 | F117: =Неделя!E30 -> 0 | G117: =Неделя!F30 -> 0 | H117: =Неделя!G30 -> 0 | I117: =Неделя!K30 -> 1
B118: =Неделя!A118 -> Обувные ленина-3х150 старые | C118: =Неделя!B118 -> 3.825 | D118: =Неделя!C118 -> 0 | E118: =Неделя!D118 -> 3 | F118: =Неделя!E118 -> 0 | G118: =Неделя!F118 -> 0 | H118: =Неделя!G118 -> 0 | I118: =Неделя!K118 -> 0
B119: =Неделя!A31 -> сбербанк гоголя 98-2ой вход 2х180 | C119: =Неделя!B31 -> 4.14 | D119: =Неделя!C31 -> 0 | E119: =Неделя!D31 -> 0 | F119: =Неделя!E31 -> 0 | G119: =Неделя!F31 -> 0 | H119: =Неделя!G31 -> 0 | I119: =Неделя!K31 -> 1
B120: =Неделя!A120 -> Омс 2х180 | C120: =Неделя!B120 -> 4.14 | D120: =Неделя!C120 -> 2 | E120: =Неделя!D120 -> 0 | F120: =Неделя!E120 -> 0 | G120: =Неделя!F120 -> 0 | H120: =Неделя!G120 -> 0 | I120: =Неделя!K120 -> 0
B121: =Неделя!A135 -> 0 | C121: =Неделя!B135 -> 0 | D121: =Неделя!C135 -> 0 | E121: =Неделя!D135 -> 0 | F121: =Неделя!E135 -> 0 | G121: =Неделя!F135 -> 0 | H121: =Неделя!G135 -> 0 | I121: =Неделя!K135 -> 0
B122: =Неделя!A122 -> Отп ленина-150 резаный | C122: =Неделя!B122 -> 1.275 | D122: =Неделя!C122 -> 0 | E122: =Неделя!D122 -> 1 | F122: =Неделя!E122 -> 0 | G122: =Неделя!F122 -> 0 | H122: =Неделя!G122 -> 0 | I122: =Неделя!K122 -> 0
B123: =Неделя!A123 -> Офис центр куйбышева-красина 180,150рез | C123: =Неделя!B123 -> 3.345 | D123: =Неделя!C123 -> 1 | E123: =Неделя!D123 -> 1 | F123: =Неделя!E123 -> 0 | G123: =Неделя!F123 -> 0 | H123: =Неделя!G123 -> 0 | I123: =Неделя!K123 -> 0
B124: =Неделя!A124 -> Палаццо Гоголя150 рез | C124: =Неделя!B124 -> 1.275 | D124: =Неделя!C124 -> 0 | E124: =Неделя!D124 -> 1 | F124: =Неделя!E124 -> 0 | G124: =Неделя!F124 -> 0 | H124: =Неделя!G124 -> 0 | I124: =Неделя!K124 -> 0
B125: =Неделя!A125 -> Парикмахерская тут бут 2х150 нов | C125: =Неделя!B125 -> 2.55 | D125: =Неделя!C125 -> 0 | E125: =Неделя!D125 -> 2 | F125: =Неделя!E125 -> 0 | G125: =Неделя!F125 -> 0 | H125: =Неделя!G125 -> 0 | I125: =Неделя!K125 -> 0
B126: =Неделя!A126 -> Планета обуви ленина- 2х200 старые | C126: =Неделя!B126 -> 4.14 | D126: =Неделя!C126 -> 2 | E126: =Неделя!D126 -> 0 | F126: =Неделя!E126 -> 0 | G126: =Неделя!F126 -> 0 | H126: =Неделя!G126 -> 0 | I126: =Неделя!K126 -> 0
B127: =Неделя!A137 -> Скорпион 150 | C127: =Неделя!B137 -> 1.275 | D127: =Неделя!C137 -> 0 | E127: =Неделя!D137 -> 1 | F127: =Неделя!E137 -> 0 | G127: =Неделя!F137 -> 0 | H127: =Неделя!G137 -> 0 | I127: =Неделя!K137 -> 1
B128: =Неделя!A128 -> Платон к.Мяготина 180 | C128: =Неделя!B128 -> 2.07 | D128: =Неделя!C128 -> 1 | E128: =Неделя!D128 -> 0 | F128: =Неделя!E128 -> 0 | G128: =Неделя!F128 -> 0 | H128: =Неделя!G128 -> 0 | I128: =Неделя!K128 -> 0
B129: =Неделя!A129 -> Подиум ленина 180 | C129: =Неделя!B129 -> 2.07 | D129: =Неделя!C129 -> 1 | E129: =Неделя!D129 -> 0 | F129: =Неделя!E129 -> 0 | G129: =Неделя!F129 -> 0 | H129: =Неделя!G129 -> 0 | I129: =Неделя!K129 -> 0
B130: =Неделя!A130 -> Прайм фитнес клуб 2х150 новые | C130: =Неделя!B130 -> 2.55 | D130: =Неделя!C130 -> 0 | E130: =Неделя!D130 -> 2 | F130: =Неделя!E130 -> 0 | G130: =Неделя!F130 -> 0 | H130: =Неделя!G130 -> 0 | I130: =Неделя!K130 -> 0
B131: =Неделя!A138 -> 0 | C131: =Неделя!B138 -> 0 | D131: =Неделя!C138 -> 0 | E131: =Неделя!D138 -> 0 | F131: =Неделя!E138 -> 0 | G131: =Неделя!F138 -> 0 | H131: =Неделя!G138 -> 0 | I131: =Неделя!K138 -> 0
B132: =Неделя!A132 -> Разговоры ЦПКОИ 180 | C132: =Неделя!B132 -> 2.07 | D132: =Неделя!C132 -> 1 | E132: =Неделя!D132 -> 0 | F132: =Неделя!E132 -> 0 | G132: =Неделя!F132 -> 0 | H132: =Неделя!G132 -> 0 | I132: =Неделя!K132 -> 0
B133: =Неделя!A133 -> Рикер ленина-200 старый | C133: =Неделя!B133 -> 2.07 | D133: =Неделя!C133 -> 1 | E133: =Неделя!D133 -> 0 | F133: =Неделя!E133 -> 0 | G133: =Неделя!F133 -> 0 | H133: =Неделя!G133 -> 0 | I133: =Неделя!K133 -> 0
B134: =Неделя!A134 -> Саквояж ленина-180 | C134: =Неделя!B134 -> 2.07 | D134: =Неделя!C134 -> 1 | E134: =Неделя!D134 -> 0 | F134: =Неделя!E134 -> 0 | G134: =Неделя!F134 -> 0 | H134: =Неделя!G134 -> 0 | I134: =Неделя!K134 -> 0
B135: =Неделя!A32 -> теремок Куйбышева -150 старый | C135: =Неделя!B32 -> 1.275 | D135: =Неделя!C32 -> 0 | E135: =Неделя!D32 -> 1 | F135: =Неделя!E32 -> 0 | G135: =Неделя!F32 -> 0 | H135: =Неделя!G32 -> 0 | I135: =Неделя!K32 -> 1
B136: =Неделя!A136 -> Сибирский газовик володарского 65, 150 сер. 3 шт | C136: =Неделя!B136 -> 3.825 | D136: =Неделя!C136 -> 0 | E136: =Неделя!D136 -> 3 | F136: =Неделя!E136 -> 0 | G136: =Неделя!F136 -> 0 | H136: =Неделя!G136 -> 0 | I136: =Неделя!K136 -> 0
B137: =Неделя!A33 -> Тп 2х180 | C137: =Неделя!B33 -> 4.14 | D137: =Неделя!C33 -> 2 | E137: =Неделя!D33 -> 0 | F137: =Неделя!E33 -> 0 | G137: =Неделя!F33 -> 0 | H137: =Неделя!G33 -> 0 | I137: =Неделя!K33 -> 1
...

Sheet четверг
A1: =Неделя!A1 -> Велес гоголя 180 | B1: =Неделя!B1 -> 2.07 | C1: =Неделя!C1 -> 1 | D1: =Неделя!D1 -> 0 | E1: =Неделя!E1 -> 0 | F1: =Неделя!F1 -> 0 | G1: =Неделя!G1 -> 0 | H1: =Неделя!L1 -> 1
A2: =Неделя!A2 -> Велес красина 180 | B2: =Неделя!B2 -> 2.07 | C2: =Неделя!C2 -> 1 | D2: =Неделя!D2 -> 0 | E2: =Неделя!E2 -> 0 | F2: =Неделя!F2 -> 0 | G2: =Неделя!G2 -> 0 | H2: =Неделя!L2 -> 1
A3: =Неделя!A3 -> департамент финансов советская 66-150 резаный | B3: =Неделя!B3 -> 1.275 | C3: =Неделя!C3 -> 0 | D3: =Неделя!D3 -> 1 | E3: =Неделя!E3 -> 0 | F3: =Неделя!F3 -> 0 | G3: =Неделя!G3 -> 0 | H3: =Неделя!L3 -> 1
A4: =Неделя!A4 -> метрополис к. Маркса -2x180, 2x150 | B4: =Неделя!B4 -> 6.69 | C4: =Неделя!C4 -> 2 | D4: =Неделя!D4 -> 2 | E4: =Неделя!E4 -> 0 | F4: =Неделя!F4 -> 0 | G4: =Неделя!G4 -> 0 | H4: =Неделя!L4 -> 1
A5: =Неделя!A5 -> метрополис Москва-2х180 | B5: =Неделя!B5 -> 4.14 | C5: =Неделя!C5 -> 2 | D5: =Неделя!D5 -> 0 | E5: =Неделя!E5 -> 0 | F5: =Неделя!F5 -> 0 | G5: =Неделя!G5 -> 0 | H5: =Неделя!L5 -> 1
A6: =Неделя!A6 -> МТС ленина 6 180 | B6: =Неделя!B6 -> 2.07 | C6: =Неделя!C6 -> 1 | D6: =Неделя!D6 -> 0 | E6: =Неделя!E6 -> 0 | F6: =Неделя!F6 -> 0 | G6: =Неделя!G6 -> 0 | H6: =Неделя!L6 -> 1
A7: =Неделя!A7 -> пальмира Ленина 5- 200 новый 150 нов | B7: =Неделя!B7 -> 3.345 | C7: =Неделя!C7 -> 1 | D7: =Неделя!D7 -> 1 | E7: =Неделя!E7 -> 0 | F7: =Неделя!F7 -> 0 | G7: =Неделя!G7 -> 0 | H7: =Неделя!L7 -> 1
A8: =Неделя!A8 -> чунунок к. Мяготина-2x180 | B8: =Неделя!B8 -> 4.14 | C8: =Неделя!C8 -> 2 | D8: =Неделя!D8 -> 0 | E8: =Неделя!E8 -> 0 | F8: =Неделя!F8 -> 0 | G8: =Неделя!G8 -> 0 | H8: =Неделя!L8 -> 1
A9: =Неделя!A9 -> Сбер академия 2х150 коричнев стар | B9: =Неделя!B9 -> 2.55 | C9: =Неделя!C9 -> 0 | D9: =Неделя!D9 -> 2 | E9: =Неделя!E9 -> 0 | F9: =Неделя!F9 -> 0 | G9: =Неделя!G9 -> 0 | H9: =Неделя!L9 -> 1
A10: =Неделя!A10 -> Сбер красина 2х150 | B10: =Неделя!B10 -> 2.55 | C10: =Неделя!C10 -> 0 | D10: =Неделя!D10 -> 2 | E10: =Неделя!E10 -> 0 | F10: =Неделя!F10 -> 0 | G10: =Неделя!G10 -> 0 | H10: =Неделя!L10 -> 1
A11: =Неделя!A11 -> сбербанк гоголя 98-3ий вход 1 х 150 | B11: =Неделя!B11 -> 1.275 | C11: =Неделя!C11 -> 2 | D11: =Неделя!D11 -> 5 | E11: =Неделя!E11 -> 0 | F11: =Неделя!F11 -> 0 | G11: =Неделя!G11 -> 0 | H11: =Неделя!L11 -> 0
A12: =Неделя!A12 -> сбербанк гоголя103- 2х150 коричневые | B12: =Неделя!B12 -> 2.55 | C12: =Неделя!C12 -> 0 | D12: =Неделя!D12 -> 2 | E12: =Неделя!E12 -> 0 | F12: =Неделя!F12 -> 0 | G12: =Неделя!G12 -> 0 | H12: =Неделя!L12 -> 1
... A152: =Неделя!A152 -> SoupRamen 180 | B152: =Неделя!B152 -> 2.07 | C152: =Неделя!C152 -> 1 | D152: =Неделя!D152 -> 0 | E152: =Неделя!E152 -> 0 | F152: =Неделя!F152 -> 0 | G152: =Неделя!G152 -> 0 | H152: =Неделя!L152 -> 1
A153: =Неделя!A154 -> 0 | B153: =SUBTOTAL(9,B1:B152) -> 140.215 | C153: =Неделя!C154 -> 180 | D153: =Неделя!D154 -> 150 | E153: =Неделя!E154 -> рез | F153: =Неделя!F154 -> 400 | G153: =Неделя!G154 -> 250 | H153: =Неделя!L154 -> чт
A154: =Неделя!A155 -> 0 | B154: =Неделя!B155 -> 98.51 | C154: =Неделя!C155 -> 180 | D154: =Неделя!D155 -> 150 | E154: =Неделя!E155 -> рез | F154: =Неделя!F155 -> 400 | G154: =Неделя!G155 -> 250 | H154: =Неделя!L155 -> 0
A155: =Неделя!A156 -> 0 | B155: =Неделя!B156 -> 0 | C155: =Неделя!C156 -> 28 | D155: =Неделя!D156 -> 23 | E155: =Неделя!E156 -> 3 | F155: =Неделя!F156 -> 1 | G155: =Неделя!G156 -> 1 | H155: =Неделя!L156 -> 0
A156: =Неделя!A157 -> 0 | B156: =Неделя!B157 -> 0 | C156: =Неделя!C157 -> 0 | D156: =Неделя!D157 -> 0 | E156: =Неделя!E157 -> 0 | F156: =Неделя!F157 -> 0 | G156: =Неделя!G157 -> 0 | H156: =Неделя!L157 -> 0
A157: =Неделя!A158 -> 0 | B157: =Неделя!B158 -> 0 | C157: =Неделя!C158 -> 0 | D157: =Неделя!D158 -> 0 | E157: =Неделя!E158 -> 0 | F157: =Неделя!F158 -> 0 | G157: =Неделя!G158 -> 0 | H157: =Неделя!L158 -> 0
A158: =Неделя!A159 -> 0 | B158: =Неделя!B159 -> 0 | C158: =Неделя!C159 -> 0 | D158: =Неделя!D159 -> 0 | E158: =Неделя!E159 -> 0 | F158: =Неделя!F159 -> 0 | G158: =Неделя!G159 -> 0 | H158: =Неделя!L159 -> 0
A159: =Неделя!A160 -> 0 | B159: =Неделя!B160 -> 0 | C159: =Неделя!C160 -> 0 | D159: =Неделя!D160 -> 0 | E159: =Неделя!E160 -> 0 | F159: =Неделя!F160 -> 0 | G159: =Неделя!G160 -> 0 | H159: =Неделя!L160 -> 0
A160: =Неделя!A161 -> 0 | B160: =Неделя!B161 -> 0 | C160: =Неделя!C161 -> 0 | D160: =Неделя!D161 -> 0 | E160: =Неделя!E161 -> 0 | F160: =Неделя!F161 -> 0 | G160: =Неделя!G161 -> 0 | H160: =Неделя!L161 -> 0
A161: =Неделя!A162 -> 0 | B161: =Неделя!B162 -> 0 | C161: =Неделя!C162 -> 0 | D161: =Неделя!D162 -> 0 | E161: =Неделя!E162 -> 0 | F161: =Неделя!F162 -> 0 | G161: =Неделя!G162 -> 0 | H161: =Неделя!L162 -> 0
A162: =Неделя!A163 -> 0 | B162: =Неделя!B163 -> 0 | C162: =Неделя!C163 -> 0 | D162: =Неделя!D163 -> 0 | E162: =Неделя!E163 -> 0 | F162: =Неделя!F163 -> 0 | G162: =Неделя!G163 -> 0 | H162: =Неделя!L163 -> 0
A163: =Неделя!A164 -> 0 | B163: =Неделя!B164 -> 0 | C163: =Неделя!C164 -> 0 | D163: =Неделя!D164 -> 0 | E163: =Неделя!E164 -> 0 | F163: =Неделя!F164 -> 0 | G163: =Неделя!G164 -> 0 | H163: =Неделя!L164 -> 0
A164: =Неделя!A165 -> 0 | B164: =Неделя!B165 -> 0 | C164: =Неделя!C165 -> 0 | D164: =Неделя!D165 -> 0 | E164: =Неделя!E165 -> 0 | F164: =Неделя!F165 -> 0 | G164: =Неделя!G165 -> 0 | H164: =Неделя!L165 -> 0
A165: =Неделя!A166 -> 0 | B165: =Неделя!B166 -> 0 | C165: =Неделя!C166 -> 0 | D165: =Неделя!D166 -> 0 | E165: =Неделя!E166 -> 0 | F165: =Неделя!F166 -> 0 | G165: =Неделя!G166 -> 0 | H165: =Неделя!L166 -> 0
... A213: =Неделя!A214 -> 0 | B213: =Неделя!B214 -> 0 | C213: =Неделя!C214 -> 0 | D213: =Неделя!D214 -> 0 | E213: =Неделя!E214 -> 0 | F213: =Неделя!F214 -> 0 | G213: =Неделя!G214 -> 0 | H213: =Неделя!L214 -> 0

Sheet пятница
A1: =Неделя!A1 -> Велес гоголя 180 | B1: =Неделя!B1 -> 2.07 | C1: =Неделя!C1 -> 1 | D1: =Неделя!D1 -> 0 | E1: =Неделя!E1 -> 0 | F1: =Неделя!F1 -> 0 | G1: =Неделя!G1 -> 0 | H1: =Неделя!M1 -> 1
A2: =Неделя!A2 -> Велес красина 180 | B2: =Неделя!B2 -> 2.07 | C2: =Неделя!C2 -> 1 | D2: =Неделя!D2 -> 0 | E2: =Неделя!E2 -> 0 | F2: =Неделя!F2 -> 0 | G2: =Неделя!G2 -> 0 | H2: =Неделя!M2 -> 1
A3: =Неделя!A3 -> департамент финансов советская 66-150 резаный | B3: =Неделя!B3 -> 1.275 | C3: =Неделя!C3 -> 0 | D3: =Неделя!D3 -> 1 | E3: =Неделя!E3 -> 0 | F3: =Неделя!F3 -> 0 | G3: =Неделя!G3 -> 0 | H3: =Неделя!M3 -> 1
A4: =Неделя!A4 -> метрополис к. Маркса -2x180, 2x150 | B4: =Неделя!B4 -> 6.69 | C4: =Неделя!C4 -> 2 | D4: =Неделя!D4 -> 2 | E4: =Неделя!E4 -> 0 | F4: =Неделя!F4 -> 0 | G4: =Неделя!G4 -> 0 | H4: =Неделя!M4 -> 1
A5: =Неделя!A5 -> метрополис Москва-2х180 | B5: =Неделя!B5 -> 4.14 | C5: =Неделя!C5 -> 2 | D5: =Неделя!D5 -> 0 | E5: =Неделя!E5 -> 0 | F5: =Неделя!F5 -> 0 | G5: =Неделя!G5 -> 0 | H5: =Неделя!M5 -> 1
A6: =Неделя!A6 -> МТС ленина 6 180 | B6: =Неделя!B6 -> 2.07 | C6: =Неделя!C6 -> 1 | D6: =Неделя!D6 -> 0 | E6: =Неделя!E6 -> 0 | F6: =Неделя!F6 -> 0 | G6: =Неделя!G6 -> 0 | H6: =Неделя!M6 -> 1
A7: =Неделя!A7 -> пальмира Ленина 5- 200 новый 150 нов | B7: =Неделя!B7 -> 3.345 | C7: =Неделя!C7 -> 1 | D7: =Неделя!D7 -> 1 | E7: =Неделя!E7 -> 0 | F7: =Неделя!F7 -> 0 | G7: =Неделя!G7 -> 0 | H7: =Неделя!M7 -> 1
A8: =Неделя!A8 -> чунунок к. Мяготина-2x180 | B8: =Неделя!B8 -> 4.14 | C8: =Неделя!C8 -> 2 | D8: =Неделя!D8 -> 0 | E8: =Неделя!E8 -> 0 | F8: =Неделя!F8 -> 0 | G8: =Неделя!G8 -> 0 | H8: =Неделя!M8 -> 1
A9: =Неделя!A9 -> Сбер академия 2х150 коричнев стар | B9: =Неделя!B9 -> 2.55 | C9: =Неделя!C9 -> 0 | D9: =Неделя!D9 -> 2 | E9: =Неделя!E9 -> 0 | F9: =Неделя!F9 -> 0 | G9: =Неделя!G9 -> 0 | H9: =Неделя!M9 -> 0
A10: =Неделя!A10 -> Сбер красина 2х150 | B10: =Неделя!B10 -> 2.55 | C10: =Неделя!C10 -> 0 | D10: =Неделя!D10 -> 2 | E10: =Неделя!E10 -> 0 | F10: =Неделя!F10 -> 0 | G10: =Неделя!G10 -> 0 | H10: =Неделя!M10 -> 0
A11: =Неделя!A11 -> сбербанк гоголя 98-3ий вход 1 х 150 | B11: =Неделя!B11 -> 1.275 | C11: =Неделя!C11 -> 2 | D11: =Неделя!D11 -> 5 | E11: =Неделя!E11 -> 0 | F11: =Неделя!F11 -> 0 | G11: =Неделя!G11 -> 0 | H11: =Неделя!M11 -> 0
A12: =Неделя!A12 -> сбербанк гоголя103- 2х150 коричневые | B12: =Неделя!B12 -> 2.55 | C12: =Неделя!C12 -> 0 | D12: =Неделя!D12 -> 2 | E12: =Неделя!E12 -> 0 | F12: =Неделя!F12 -> 0 | G12: =Неделя!G12 -> 0 | H12: =Неделя!M12 -> 0
... A152: =Неделя!A152 -> SoupRamen 180 | B152: =Неделя!B152 -> 2.07 | C152: =Неделя!C152 -> 1 | D152: =Неделя!D152 -> 0 | E152: =Неделя!E152 -> 0 | F152: =Неделя!F152 -> 0 | G152: =Неделя!G152 -> 0 | H152: =Неделя!M152 -> 0
A153: =Неделя!A154 -> 0 | B153: =SUBTOTAL(9,B1:B152) -> 133.352 | C153: =Неделя!C154 -> 180 | D153: =Неделя!D154 -> 150 | E153: =Неделя!E154 -> рез | F153: =Неделя!F154 -> 400 | G153: =Неделя!G154 -> 250 | H153: =Неделя!M154 -> пт
A154: =Неделя!A155 -> 0 | B154: =Неделя!B155 -> 98.51 | C154: =Неделя!C155 -> 180 | D154: =Неделя!D155 -> 150 | E154: =Неделя!E155 -> рез | F154: =Неделя!F155 -> 400 | G154: =Неделя!G155 -> 250 | H154: =Неделя!M155 -> 0
A155: =Неделя!A156 -> 0 | B155: =Неделя!B156 -> 0 | C155: =Неделя!C156 -> 28 | D155: =Неделя!D156 -> 23 | E155: =Неделя!E156 -> 3 | F155: =Неделя!F156 -> 1 | G155: =Неделя!G156 -> 1 | H155: =Неделя!M156 -> 0
A156: =Неделя!A157 -> 0 | B156: =Неделя!B157 -> 0 | C156: =Неделя!C157 -> 0 | D156: =Неделя!D157 -> 0 | E156: =Неделя!E157 -> 0 | F156: =Неделя!F157 -> 0 | G156: =Неделя!G157 -> 0 | H156: =Неделя!M157 -> 0
A157: =Неделя!A158 -> 0 | B157: =Неделя!B158 -> 0 | C157: =Неделя!C158 -> 0 | D157: =Неделя!D158 -> 0 | E157: =Неделя!E158 -> 0 | F157: =Неделя!F158 -> 0 | G157: =Неделя!G158 -> 0 | H157: =Неделя!M158 -> 0
A158: =Неделя!A159 -> 0 | B158: =Неделя!B159 -> 0 | C158: =Неделя!C159 -> 0 | D158: =Неделя!D159 -> 0 | E158: =Неделя!E159 -> 0 | F158: =Неделя!F159 -> 0 | G158: =Неделя!G159 -> 0 | H158: =Неделя!M159 -> 0
A159: =Неделя!A160 -> 0 | B159: =Неделя!B160 -> 0 | C159: =Неделя!C160 -> 0 | D159: =Неделя!D160 -> 0 | E159: =Неделя!E160 -> 0 | F159: =Неделя!F160 -> 0 | G159: =Неделя!G160 -> 0 | H159: =Неделя!M160 -> 0
A160: =Неделя!A161 -> 0 | B160: =Неделя!B161 -> 0 | C160: =Неделя!C161 -> 0 | D160: =Неделя!D161 -> 0 | E160: =Неделя!E161 -> 0 | F160: =Неделя!F161 -> 0 | G160: =Неделя!G161 -> 0 | H160: =Неделя!M161 -> 0
A161: =Неделя!A162 -> 0 | B161: =Неделя!B162 -> 0 | C161: =Неделя!C162 -> 0 | D161: =Неделя!D162 -> 0 | E161: =Неделя!E162 -> 0 | F161: =Неделя!F162 -> 0 | G161: =Неделя!G162 -> 0 | H161: =Неделя!M162 -> 0
A162: =Неделя!A163 -> 0 | B162: =Неделя!B163 -> 0 | C162: =Неделя!C163 -> 0 | D162: =Неделя!D163 -> 0 | E162: =Неделя!E163 -> 0 | F162: =Неделя!F163 -> 0 | G162: =Неделя!G163 -> 0 | H162: =Неделя!M163 -> 0
A163: =Неделя!A164 -> 0 | B163: =Неделя!B164 -> 0 | C163: =Неделя!C164 -> 0 | D163: =Неделя!D164 -> 0 | E163: =Неделя!E164 -> 0 | F163: =Неделя!F164 -> 0 | G163: =Неделя!G164 -> 0 | H163: =Неделя!M164 -> 0
A164: =Неделя!A165 -> 0 | B164: =Неделя!B165 -> 0 | C164: =Неделя!C165 -> 0 | D164: =Неделя!D165 -> 0 | E164: =Неделя!E165 -> 0 | F164: =Неделя!F165 -> 0 | G164: =Неделя!G165 -> 0 | H164: =Неделя!M165 -> 0
A165: =Неделя!A166 -> 0 | B165: =Неделя!B166 -> 0 | C165: =Неделя!C166 -> 0 | D165: =Неделя!D166 -> 0 | E165: =Неделя!E166 -> 0 | F165: =Неделя!F166 -> 0 | G165: =Неделя!G166 -> 0 | H165: =Неделя!M166 -> 0
... A327: =Неделя!A328 -> 0 | B327: =Неделя!B328 -> 0 | C327: =Неделя!C328 -> 0 | D327: =Неделя!D328 -> 0 | E327: =Неделя!E328 -> 0 | F327: =Неделя!F328 -> 0 | G327: =Неделя!G328 -> 0 | H327: =Неделя!M328 -> 0

Sheet ПН
D1: 180 | E1: 150 | F1: 60*80 | G1: 400 | H1: 250
A2: 1 | B2: сбербанк гоголя 98-3ий вход 1 х 150 | C2: 1.275 | D2: 2 | E2: 4 | F2: 0 | G2: 0 | H2: 0
A3: 1 | B3: сбербанк гоголя 98-1 вх 3Х150 коричневые | C3: 3.825 | D3: 0 | E3: 0 | F3: 0 | G3: 0 | H3: 0
A4: 1 | B4: сбербанк гоголя 98-2ой вход 2х180 | C4: 4.14 | D4: 0 | E4: 0 | F4: 0 | G4: 0 | H4: 0
A5: 2 | B5: газпроммежрегионгаз- 2x150, 180 | C5: 4.62 | D5: 1 | E5: 2 | F5: 0 | G5: 0 | H5: 0
A6: 3 | B6: прогресс Пролетарская-180, 60x80 | C6: 3.345 | D6: 1 | E6: 0 | F6: 1 | G6: 0 | H6: 0
A7: 4 | B7: метрополис к. Маркса -2x180, 2x150 | C7: 6.69 | D7: 2 | E7: 2 | F7: 0 | G7: 0 | H7: 0
A8: 5 | B8: Мясной советская 39 180 | C8: 2.07 | D8: 1 | E8: 0 | F8: 0 | G8: 0 | H8: 0
A9: 6 | B9: Магнит советская 39 180 | C9: 2.07 | D9: 1 | E9: 0 | F9: 0 | G9: 0 | H9: 0
A10: 7 | B10: Магнит советская 40 180 | C10: 2.07 | D10: 1 | E10: 0 | F10: 0 | G10: 0 | H10: 0
A11: 8 | B11: Фикс советска40-2х180 | C11: 4.14 | D11: 2 | E11: 0 | F11: 0 | G11: 0 | H11: 0
A12: 9 | B12: департамент финансов советская 66-150 резаный | C12: 1.275 | D12: 0 | E12: 1 | F12: 0 | G12: 0 | H12: 0
A13: 10 | B13: прогресс советская 180, 150 новые | C13: 3.345 | D13: 1 | E13: 1 | F13: 0 | G13: 0 | H13: 0
... A27: 23 | B27: Сбер красина 2х150 | C27: 2.55 | D27: 0 | E27: 2 | F27: 0 | G27: 0 | H27: 0
C28: =SUM(C2:C27) -> 73.11 | D28: =SUM(D2:D27) -> 23 | E28: =SUM(E2:E27) -> 19 | F28: =SUM(F2:F27) -> 1
G30: 400 | H30: 250
A31: 24 | B31: Газпром банк гоголя-180 | C31: 2.07 | D31: 1 | E31: 0 | F31: 0 | G31: 0 | H31: 0
A32: 25 | B32: Япоки гоголя-180 | C32: 2.07 | D32: 1 | E32: 0 | F32: 0 | G32: 0 | H32: 0
A33: 26 | B33: Теле2 гоголя-150 резаный | C33: 1.275 | D33: 0 | E33: 1 | F33: 0 | G33: 0 | H33: 0
A34: 27 | B34: Монетка гоголя 103 -180 | C34: 2.07 | D34: 1 | E34: 0 | F34: 0 | G34: 0 | H34: 0
A35: 28 | B35: сбербанк гоголя103- 2х150 коричневые | C35: 2.55 | D35: 0 | E35: 2 | F35: 0 | G35: 0 | H35: 0
A36: 29 | B36: мтс гоголя 53 - 180серый 1 | C36: 2.07 | D36: 1 | E36: 0 | F36: 0 | G36: 0 | H36: 0
A37: 30 | B37: Альфа банк гоголя 180 | C37: 2.07 | D37: 1 | E37: 0 | F37: 0 | G37: 0 | H37: 0
A38: 31 | B38: Аптека гоголя 37-150 | C38: 1.275 | D38: 0 | E38: 1 | F38: 0 | G38: 0 | H38: 0
A39: 32 | B39: Курган Доставка | C39: 1.275 | D39: 0 | E39: 1 | F39: 0 | G39: 0 | H39: 0
A40: 33 | B40: Чистый квартал 150, 80х80 | C40: 2.55 | D40: 0 | E40: 1 | F40: 1 | G40: 0 | H40: 0
A41: 34 | B41: Сбер академия 2х150 коричнев стар | C41: 2.55 | D41: 0 | E41: 2 | F41: 0 | G41: 0 | H41: 0
A42: 35 | B42: Монетка кирова 180 | C42: 2.07 | D42: 1 | E42: 0 | F42: 0 | G42: 0 | H42: 0
... A51: 43 | B51: Банк России 180 2шт | C51: 4.14 | D51: 2 | E51: 2 | F51: 0 | G51: 0 | H51: 0
A52: 43.5 | B52: кардио центр 180 1шт | C52: 2.07 | D52: 1
A53: 44 | B53: МТС ленина 6 180 | C53: 2.07 | D53: 1 | E53: 0 | F53: 0 | G53: 0 | H53: 0
A54: 45 | B54: Монтка Ленина М Горько 180 | C54: 2.07 | D54: 1 | E54: 0 | F54: 0 | G54: 0 | H54: 0
A55: 46 | B55: Яхонт ленина 150 | C55: 1.275 | D55: 0 | E55: 1 | F55: 0 | G55: 0 | H55: 0
A56: 47 | B56: Пальмира гоголя 150 | C56: 1.275 | D56: 0 | E56: 1 | F56: 0 | G56: 0 | H56: 0
A57: 48 | B57: Велес гоголя 180 | C57: 2.07 | D57: 1 | E57: 0 | F57: 0 | G57: 0 | H57: 0
A58: 49 | B58: Магнит гоголя 66-180 | C58: 2.07 | D58: 1 | E58: 0 | F58: 0 | G58: 0 | H58: 0
A59: 50 | B59: Баон 150 | C59: 1.275 | D59: 0 | E59: 1 | F59: 0 | G59: 0 | H59: 0
A60: 51 | B60: Летуаль 180 | C60: 2.07 | D60: 1 | E60: 0 | F60: 0 | G60: 0 | H60: 0
A61: 52 | B61: Магнит Гоголя 76 180 | C61: 2.07 | D61: 1 | E61: 0 | F61: 0 | G61: 0 | H61: 0
A62: 54 | B62: Жизнь март пролетарская -180 | C62: 2.07 | D62: 1 | E62: 0 | F62: 0 | G62: 0 | H62: 0
A63: 55 | B63: Велес дзержинского 180 | D63: 1 | E63: 0 | F63: 0 | G63: 0 | H63: 0
A64: 56 | B64: Кижк 400 рез, 180 | D64: 1 | E64: 0 | F64: 0 | G64: 1 | H64: 0
C65: =SUM(C31:C64) -> 68.05 | D65: =SUM(D31:D64) -> 22 | E65: =SUM(E31:E64) -> 19 | F65: =SUM(F31:F64) -> 1 | G65: =SUM(G31:G64) -> 1 | H65: =SUM(H31:H64) -> 1
B67: Алые Паруса 4*400 и 3*240

Sheet ВТ
A1: 1 | B1: сбербанк гоголя 98-1 вх 3Х150 коричневые | C1: 3.825 | D1: 0 | E1: 0 | F1: 0 | G1: 0 | H1: 0 | I1: 1
A2: 1 | B2: сбербанк гоголя 98-2ой вход 2х180 | C2: 4.14 | D2: 0 | E2: 0 | F2: 0 | G2: 0 | H2: 0 | I2: 1
A3: 1 | B3: сбербанк гоголя 98-3ий вход 1 х 150 | C3: 1.275 | D3: 2 | E3: 5 | F3: 0 | G3: 0 | H3: 0 | I3: 1
A4: 2 | B4: метрополис к. Маркса -2x180, 2x150 | C4: 6.69 | D4: 2 | E4: 2 | F4: 0 | G4: 0 | H4: 0 | I4: 1
A5: 3 | B5: МТС ленина 6 180 | C5: 2.07 | D5: 1 | E5: 0 | F5: 0 | G5: 0 | H5: 0 | I5: 1
A6: 4 | B6: пальмира Ленина 5- 200 новый 150 нов | C6: 3.345 | D6: 1 | E6: 1 | F6: 0 | G6: 0 | H6: 0 | I6: 1
A7: 5 | B7: Прайм фитнес клуб 2х150 новые | C7: 2.55 | D7: 0 | E7: 2 | F7: 0 | G7: 0 | H7: 0 | I7: 1
A8: 6 | B8: Аннушка куйбышева 180 | C8: 2.07 | D8: 1 | E8: 0 | F8: 0 | G8: 0 | H8: 0 | I8: 1
A9: 7 | B9: Втб куйбышева 180 | C9: 2.07 | D9: 1 | E9: 0 | F9: 0 | G9: 0 | H9: 0 | I9: 1
A10: 8 | B10: Атлант кирова 250 | C10: 3.7 | D10: 0 | E10: 0 | F10: 1 | G10: 0 | H10: 0 | I10: 1
B11: Ресторан СОЛО Куйбышева | C11: 1.257 | D11: 0 | E11: 1 | F11: 0 | G11: 0 | H11: 0 | I11: 1
A12: 9 | B12: Офис центр куйбышева-красина 180,150рез | C12: 3.345 | D12: 1 | E12: 1 | F12: 0 | G12: 0 | H12: 0 | I12: 1
A13: 10 | B13: Буше красина 150 нов | C13: 1.275 | D13: 0 | E13: 1 | F13: 0 | G13: 0 | H13: 0 | I13: 1
A14: 11 | B14: департамент финансов советская 66-150 резаный | C14: 1.275 | D14: 0 | E14: 1 | F14: 0 | G14: 0 | H14: 0 | I14: 1
B15: Мегафон советская 2х150 рез | C15: 2.55 | D15: 0 | E15: 2 | F15: 0 | G15: 0 | H15: 0 | I15: 1
A16: 12 | B16: Авангард банк красина 180 сер. 1 шт | C16: 2.07 | D16: 1 | E16: 0 | F16: 0 | G16: 0 | H16: 0 | I16: 1
A17: 13 | B17: Альфа банк Гоголя-красина 150 сер.нов.1 шт. | C17: 1.275 | D17: 0 | E17: 1 | F17: 0 | G17: 0 | H17: 0 | I17: 1
A18: 14 | B18: Промсвязь банк 150,180 | C18: 3.345 | D18: 1 | E18: 1 | F18: 0 | G18: 0 | H18: 0 | I18: 1
A19: 15 | B19: Ингострах 2х150 | C19: 2.55 | D19: 0 | E19: 2 | F19: 0 | G19: 0 | H19: 0 | I19: 1
A20: 17 | B20: Велес красина 180 | C20: 2.07 | D20: 1 | E20: 0 | F20: 0 | G20: 0 | H20: 0 | I20: 1
A21: 18 | B21: Сбер академия 2х150 коричнев стар | C21: 2.55 | D21: 0 | E21: 2 | F21: 0 | G21: 0 | H21: 0 | I21: 1
A22: 19 | B22: Платон к.Мяготина 180 | C22: 2.07 | D22: 1 | E22: 0 | F22: 0 | G22: 0 | H22: 0 | I22: 1
A23: 20 | B23: Фикс прайс к.мяготина 180*2 | C23: 4.14 | D23: 2 | E23: 0 | F23: 0 | G23: 0 | H23: 0 | I23: 1
A24: 21 | B24: Консультант + васильева 7 240старый | C24: 2.7 | D24: 1 | E24: 0 | F24: 0 | G24: 0 | H24: 0 | I24: 1
A25: 22 | B25: чунунок к. Мяготина-2x180 | C25: 4.14 | D25: 2 | E25: 0 | F25: 0 | G25: 0 | H25: 0 | I25: 1
A26: 23 | B26: магнит красина 180 | C26: 2.07 | D26: 1 | E26: 0 | F26: 0 | G26: 0 | H26: 0 | I26: 1
A27: 24 | B27: Аптека гоголя 9-150 | C27: 1.275 | D27: 0 | E27: 1 | F27: 0 | G27: 0 | H27: 0 | I27: 1
... A29: 26 | B29: Сбер красина 2х150 | C29: 2.55 | D29: 0 | E29: 2 | F29: 0 | G29: 0 | H29: 0 | I29: 1
C30: =SUM(C1:C29) -> 78.382
A32: 26.5 | B32: сбербанк гоголя103- 2х150 коричневые | C32: 2.55 | D32: 0 | E32: 2 | F32: 0 | G32: 0 | H32: 0 | I32: 1
A33: 27 | B33: Сибирский газовик володарского 65, 150 сер. 3 шт | C33: 3.825 | D33: 0 | E33: 3 | F33: 0 | G33: 0 | H33: 0 | I33: 1
A34: 28 | B34: Магнит Володарского 180 | C34: 2.07 | D34: 1 | E34: 0 | F34: 0 | G34: 0 | H34: 0 | I34: 1
A35: 29 | B35: Магнит К.маркса 180 | C35: 2.07 | D35: 1 | E35: 0 | F35: 0 | G35: 0 | H35: 0 | I35: 1
A36: 30 | B36: Карэ к. Маркса 46 3х150 нов кор | C36: 3.825 | D36: 0 | E36: 3 | F36: 0 | G36: 0 | H36: 0 | I36: 1
A37: 31 | B37: Альфа мед к.маркса -2х180,(ц.зд. Женщины, кометология) | C37: 4.14 | D37: 2 | E37: 0 | F37: 0 | G37: 0 | H37: 0 | I37: 1
A38: 32 | B38: Томография К. маркса | C38: 1.275 | D38: 0 | E38: 1 | F38: 0 | G38: 0 | H38: 0 | I38: 1
A39: 33 | B39: М.горького 40 180*2 | C39: 4.14 | D39: 2 | E39: 0 | F39: 0 | G39: 0 | H39: 0 | I39: 1
A40: 34 | B40: Карэ гараж К.Маркса 60а 150 | C40: 1.275 | D40: 0 | E40: 1 | F40: 0 | G40: 0 | H40: 0 | I40: 1
A41: 35 | B41: Друзья друзей 2х150 | C41: 2.55 | D41: 2 | E41: 0 | F41: 0 | G41: 0 | H41: 0 | I41: 1
A42: 36 | B42: Буше горького 150 | C42: 1.275 | D42: 0 | E42: 1 | F42: 0 | G42: 0 | H42: 0 | I42: 1
A43: 37 | B43: Ик надежда 150 | C43: 1.275 | D43: 0 | E43: 1 | F43: 0 | G43: 0 | H43: 0 | I43: 1
... A56: 50 | B56: Велес гоголя 180 | C56: 2.07 | D56: 1 | E56: 0 | F56: 0 | G56: 0 | H56: 0 | I56: 1
C61: =SUM(C32:C60) -> 59.58 | D61: 180 | E61: 150 | F61: рез | G61: 400 | H61: 250 | I61: вт
C63: =C61+C30 -> 137.962
B64: Теле 2 машиностроителей 3а 150 | C64: 1.275
B65: дом хлеба Машиностроителей 150 | C65: 1.275
B66: Компас рыбацкий Машиностр, 1 400 2шт рез | C66: 6
B67: Хлеб да мясо Некрасова, 1 150 | C67: 1.275
C68: =SUM(C64:C67) -> 9.825

Sheet СР
A1: 1 | B1: сбербанк гоголя 98-1 вх 3Х150 коричневые | C1: 3.825 | D1: 0 | E1: 0 | F1: 0 | G1: 0 | H1: 0 | I1: 1
A2: 1 | B2: сбербанк гоголя 98-2ой вход 2х180 | C2: 4.14 | D2: 0 | E2: 0 | F2: 0 | G2: 0 | H2: 0 | I2: 1
A3: 1 | B3: сбербанк гоголя 98-3ий вход 1 х 150 | C3: 1.275 | D3: 2 | E3: 5 | F3: 0 | G3: 0 | H3: 0 | I3: 1
A4: 2 | B4: газпроммежрегионгаз- 2x150, 180 | C4: 4.62 | D4: 1 | E4: 0 | F4: 0 | G4: 0 | H4: 0 | I4: 1
A5: 3 | B5: прогресс Пролетарская-180, 60x80 | C5: 3.345 | D5: 1 | E5: 0 | F5: 1 | G5: 0 | H5: 0 | I5: 1
A6: 4 | B6: метрополис к. Маркса -2x180, 2x150 | C6: 6.69 | D6: 2 | E6: 2 | F6: 0 | G6: 0 | H6: 0 | I6: 1
A7: 4.5 | B7: Отель Централь, ресторан 180х3 | C7: 6.21 | D7: 3 | E7: 0 | F7: 0 | G7: 0 | H7: 0 | I7: 1
A8: 5 | B8: Велес красина 180 | C8: 2.07 | D8: 1 | E8: 0 | F8: 0 | G8: 0 | H8: 0 | I8: 1
A9: 6 | B9: Сбер академия 2х150 коричнев стар | C9: 2.55 | D9: 0 | E9: 2 | F9: 0 | G9: 0 | H9: 0 | I9: 1
B10: Чистый квартал 150, 80х80 | C10: 2.55
A11: 7 | B11: чунунок к. Мяготина-2x180 | C11: 4.14 | D11: 2 | E11: 0 | F11: 0 | G11: 0 | H11: 0 | I11: 1
A12: 8 | B12: Монетка пушкина 49-180 | C12: 2.07 | D12: 1 | E12: 0 | F12: 0 | G12: 0 | H12: 0 | I12: 1
A13: 9 | B13: пальмира юбилейный-180 НОВЫЙ | C13: 2.07 | D13: 1 | E13: 0 | F13: 0 | G13: 0 | H13: 0 | I13: 1
A14: 10 | B14: велес юбилейный-150 новый | C14: 1.275 | D14: 0 | E14: 1 | F14: 0 | G14: 0 | H14: 0 | I14: 1
A15: 11 | B15: Япошка Юбилейный 150 резаный | C15: 1.275 | D15: 0 | E15: 1 | F15: 0 | G15: 0 | H15: 0 | I15: 1
A16: 12 | B16: метрополис Москва-2х180 | C16: 4.14 | D16: 2 | E16: 0 | F16: 0 | G16: 0 | H16: 0 | I16: 1
A17: 13 | B17: Тп 2х180 | C17: 4.14 | D17: 2 | E17: 0 | F17: 0 | G17: 0 | H17: 0 | I17: 1
A18: 14 | B18: Неил хаус 150 новый | C18: 1.275 | D18: 0 | E18: 1 | F18: 0 | G18: 0 | H18: 0 | I18: 1
A19: 15 | B19: Монетка красина 180 | C19: 2.07 | D19: 1 | E19: 0 | F19: 0 | G19: 0 | H19: 0 | I19: 1
A20: 16 | B20: Сбер красина 2х150 | C20: 2.55 | D20: 0 | E20: 2 | F20: 0 | G20: 0 | H20: 0 | I20: 1
A21: 17 | B21: Франческо донни 150 рез. | C21: 1.275 | D21: 0 | E21: 1 | F21: 0 | G21: 0 | H21: 0 | I21: 1
A22: 18 | B22: Монетка кирова 180 | C22: 2.07 | D22: 1 | E22: 0 | F22: 0 | G22: 0 | H22: 0 | I22: 1
... A25: 21 | B25: Хлеб да мясо 150 резаный хороший | C25: 1.275 | D25: 0 | E25: 1 | F25: 0 | G25: 0 | H25: 0 | I25: 1
C26: =SUM(C1:C25) -> 70.245
A28: 27.05 | B28: Монетка гоголя 103 -180 | C28: 2.07 | D28: 1 | E28: 0 | F28: 0 | G28: 0 | H28: 0 | I28: 1
A29: 27.1 | B29: сбербанк гоголя103- 2х150 коричневые | C29: 2.55 | D29: 0 | E29: 2 | F29: 0 | G29: 0 | H29: 0 | I29: 1
A30: 27.2 | B30: Вояж володарская150 сер. 1 шт.нов. | C30: 1.275 | D30: 0 | E30: 1 | F30: 0 | G30: 0 | H30: 0 | I30: 1
A31: 27.3 | B31: Платинум володарская150 сер. 1 шт. | C31: 1.275 | D31: 0 | E31: 1 | F31: 0 | G31: 0 | H31: 0 | I31: 1
A32: 27.4 | B32: Мясной к. маркса 150 рез | C32: 1.275 | D32: 0 | E32: 1 | F32: 0 | G32: 0 | H32: 0 | I32: 1
A33: 27.44 | B33: Мясной советская 39 180 | C33: 2.07 | D33: 1 | E33: 0 | F33: 0 | G33: 0 | H33: 0 | I33: 1
A34: 27.45 | B34: Триумф 180 | C34: 2.07 | D34: 1 | E34: 0 | F34: 0 | G34: 0 | H34: 0 | I34: 1
A35: 27.46 | B35: Альфастрахование 2х180 | C35: 4.14 | D35: 2 | E35: 0 | F35: 0 | G35: 0 | H35: 0 | I35: 1
A36: 27.47 | B36: департамент финансов советская 66-150 резаный | C36: 1.275 | D36: 0 | E36: 1 | F36: 0 | G36: 0 | H36: 0 | I36: 1
A37: 27.48 | B37: прогресс советская 180, 150 новые | C37: 3.345 | D37: 1 | E37: 1 | F37: 0 | G37: 0 | H37: 0 | I37: 1
A38: 27.49 | B38: пальмира Ленина 5- 200 новый 150 нов | C38: 3.345 | D38: 1 | E38: 1 | F38: 0 | G38: 0 | H38: 0 | I38: 1
A39: 27.491 | B39: Каре Куйбышева 150 | C39: 1.275 | D39: 0 | E39: 0 | F39: 0 | G39: 0 | H39: 0 | I39: 1
... A50: 37 | B50: Пальмира гоголя 150 | C50: 1.275 | D50: 0 | E50: 1 | F50: 0 | G50: 0 | H50: 0 | I50: 1
A51: 38 | B51: Велес дзержинского 180 | D51: 1 | E51: 0 | F51: 0 | G51: 0 | H51: 0 | I51: 1
A52: 39 | B52: Кижк 400 рез, 180 | D52: 1 | E52: 0 | F52: 0 | G52: 1 | H52: 0 | I52: 1
C53: =SUM(C28:C52) -> 43.17
A54: 40 | B54: Алые паруса 4*400 | C54: =4.6*4 -> 18.4

Sheet ЧТ
A1: 1 | B1: сбербанк гоголя 98-1 вх 3Х150 коричневые | D1: 0 | E1: 0 | F1: 0 | G1: 0 | H1: 0 | I1: 1
A2: 2 | B2: Газпроммежрегионгаз Гоголя 98 1x150 | D2: 0 | E2: 0 | F2: 0 | G2: 0 | H2: 0 | I2: 1
A3: 3 | B3: газпроммежрегионгаз- 5х150 | C3: 6.375 | D3: 0 | E3: 0 | F3: 0 | G3: 0 | H3: 0 | I3: 1
A4: 4 | B4: метрополис к. Маркса -2x180, 2x150 | C4: 6.69 | D4: 2 | E4: 2 | F4: 0 | G4: 0 | H4: 0 | I4: 1
A5: 5 | B5: Кардио центр 180 3шт 150 1шт | C5: =2.07*3+1.275 -> 7.485
A6: 7 | B6: Банк России 180 2шт | C6: 4.14 | D6: 2 | E6: 2 | F6: 0 | G6: 0 | H6: 0 | I6: 1
A7: 7.5 | B7: Банк России 150 2шт | C7: 2.55 | D7: 0 | E7: 0 | F7: 0 | G7: 1 | H7: 0 | I7: 1
A8: 8 | B8: департамент финансов советская 66-150 резаный | C8: 1.275 | D8: 0 | E8: 1 | F8: 0 | G8: 0 | H8: 0 | I8: 1
A9: 9 | B9: Джулия советская 180 | C9: 2.07 | D9: 1 | E9: 0 | F9: 0 | G9: 0 | H9: 0 | I9: 1
A10: 10 | B10: Фикс советска40-2х180 | C10: 4.14 | D10: 2 | E10: 0 | F10: 0 | G10: 0 | H10: 0 | I10: 1
A11: 11 | B11: Магнит советская 40 180 | C11: 2.07 | D11: 1 | E11: 0 | F11: 0 | G11: 0 | H11: 0 | I11: 1
A12: 12 | B12: Магнит советская 39 180 | C12: 2.07 | D12: 1 | E12: 0 | F12: 0 | G12: 0 | H12: 0 | I12: 1
A13: 13 | B13: инвитро красина-3х150 новые | C13: 3.825 | D13: 0 | E13: 3 | F13: 0 | G13: 0 | H13: 0 | I13: 1
A14: 14 | B14: Велес красина 180 | C14: 2.07 | D14: 1 | E14: 0 | F14: 0 | G14: 0 | H14: 0 | I14: 1
A15: 15 | B15: Аптека пушкина 91-2х150 | C15: 2.55 | D15: 0 | E15: 2 | F15: 0 | G15: 0 | H15: 0 | I15: 1
A16: 16 | B16: Сбер академия 2х150 коричнев стар | C16: 2.55 | D16: 0 | E16: 2 | F16: 0 | G16: 0 | H16: 0 | I16: 1
A17: 17 | B17: Мисс т 150 сер, нов. 1шт. | C17: 1.275 | D17: 0 | E17: 1 | F17: 0 | G17: 0 | H17: 0 | I17: 1
A18: 18 | B18: Швейный мир 2-60х80 | C18: 2.55 | D18: 0 | E18: 0 | F18: 2 | G18: 0 | H18: 0 | I18: 1
A19: 19 | B19: Чистый квартал 150, 80х80 | D19: 0 | E19: 1 | F19: 1 | G19: 0 | H19: 0 | I19: 1
A20: 20 | B20: чунунок к. Мяготина-2x180 | C20: 4.14 | D20: 2 | E20: 0 | F20: 0 | G20: 0 | H20: 0 | I20: 1
A21: 21 | B21: Комиссоныч юбилейный-150 рез. | C21: 1.275 | D21: 0 | E21: 1 | F21: 0 | G21: 0 | H21: 0 | I21: 1
A22: 22 | B22: Разговоры ЦПКОИ 180 | C22: 2.07 | D22: 1 | E22: 0 | F22: 0 | G22: 0 | H22: 0 | I22: 1
A23: 23 | B23: метрополис Москва-2х180 | C23: 4.14 | D23: 2 | E23: 0 | F23: 0 | G23: 0 | H23: 0 | I23: 1
A24: 23.5 | B24: Сбер красина 2х150 | C24: 2.55 | D24: 0 | E24: 2 | F24: 0 | G24: 0 | H24: 0 | I24: 1
C25: =SUM(C1:C24) -> 67.86
A27: 29 | B27: совкомбанк гоголя-180 | C27: 2.07 | D27: 1 | E27: 0 | F27: 0 | G27: 0 | H27: 0 | I27: 1
A28: 29.4 | B28: Газпром банк гоголя-180 | C28: 2.07 | D28: 1 | E28: 0 | F28: 0 | G28: 0 | H28: 0 | I28: 1
A29: 29.44 | B29: Япоки гоголя-180 | C29: 2.07 | D29: 1 | E29: 0 | F29: 0 | G29: 0 | H29: 0 | I29: 1
A30: 29.5 | B30: Теле2 гоголя-150 резаный | C30: 1.275 | D30: 0 | E30: 1 | F30: 0 | G30: 0 | H30: 0 | I30: 1
A31: 30 | B31: сбербанк гоголя103- 2х150 коричневые | C31: 2.55 | D31: 0 | E31: 2 | F31: 0 | G31: 0 | H31: 0 | I31: 1
A32: 31 | B32: Алеф-банк 150 НОЯБРЬ | C32: 1.275 | D32: 0 | E32: 1 | F32: 0 | G32: 0 | H32: 0 | I32: 1
A33: 32 | B33: SoupRamen 180 | C33: 2.07 | D33: 1 | E33: 0 | F33: 0 | G33: 0 | H33: 0 | I33: 1
A34: 33 | B34: Стиляги площадь серый новый 150+150 | C34: 2.55 | D34: 0 | E34: 2 | F34: 0 | G34: 0 | H34: 0 | I34: 1
A35: 34 | B35: мтс гоголя 53 - 180серый 1 | C35: 2.07 | D35: 1 | E35: 0 | F35: 0 | G35: 0 | H35: 0 | I35: 1
A36: 35 | B36: Банк курган площадь 150 сер. 1шт. | C36: 1.275 | D36: 0 | E36: 1 | F36: 0 | G36: 0 | H36: 0 | I36: 1
A37: 36 | B37: Александрит 150 рез | C37: 1.275 | D37: 0 | E37: 1 | F37: 0 | G37: 0 | H37: 0 | I37: 1
A38: 37 | B38: Альфа банк гоголя 180 | C38: 2.07 | D38: 1 | E38: 0 | F38: 0 | G38: 0 | H38: 0 | I38: 1
... A61: 56 | B61: Джулия пролетарская 200 хороший | C61: 2.07 | D61: 1 | E61: 0 | F61: 0 | G61: 0 | H61: 0 | I61: 1
B62: 0 | C62: =SUM(C27:C61) -> 70.915 | D62: 180 | E62: 150 | F62: рез | G62: 400 | H62: 250 | I62: чт

Sheet ПТ
A1: 1 | B1: газпроммежрегионгаз- 2x150, 180 | C1: 4.62 | D1: 1 | E1: 0 | F1: 0 | G1: 0 | H1: 0 | I1: 1
A2: 2 | B2: прогресс Пролетарская-180, 60x80 | C2: 3.345 | D2: 1 | E2: 0 | F2: 1 | G2: 0 | H2: 0 | I2: 1
A3: 3 | B3: метрополис к. Маркса -2x180, 2x150 | C3: 6.69 | D3: 2 | E3: 2 | F3: 0 | G3: 0 | H3: 0 | I3: 1
A4: 4 | B4: прогресс советская 180, 150 новые | C4: 3.345 | D4: 1 | E4: 1 | F4: 0 | G4: 0 | H4: 0 | I4: 1
A5: 5 | B5: Мегафон советская 2х150 рез | C5: 2.55 | D5: 0 | E5: 2 | F5: 0 | G5: 0 | H5: 0 | I5: 1
A6: 6 | B6: департамент финансов советская 66-150 резаный | C6: 1.275 | D6: 0 | E6: 1 | F6: 0 | G6: 0 | H6: 0 | I6: 1
A7: 6.5 | B7: Мясной советская 39 180 | C7: 2.07 | D7: 1 | E7: 0 | F7: 0 | G7: 0 | H7: 0 | I7: 1
A8: 7 | B8: Буше красина 150 нов | C8: 1.275 | D8: 0 | E8: 1 | F8: 0 | G8: 0 | H8: 0 | I8: 1
A9: 7.1 | B9: Авангард банк красина 180 сер. 1 шт | C9: 2.07 | D9: 1 | E9: 0 | F9: 0 | G9: 0 | H9: 0 | I9: 1
A10: 7.2 | B10: Альфа банк Гоголя-красина 150 сер.нов.1 шт. | C10: 1.275 | D10: 0 | E10: 1 | F10: 0 | G10: 0 | H10: 0 | I10: 1
A11: 7.5 | B11: Промсвязь банк 150,180 | C11: 3.345 | D11: 1 | E11: 1 | F11: 0 | G11: 0 | H11: 0 | I11: 1
A12: 8 | B12: Велес красина 180 | C12: 2.07 | D12: 1 | E12: 0 | F12: 0 | G12: 0 | H12: 0 | I12: 1
B13: Чистый квартал 150, 80х80 | C13: 2.55
A14: 9 | B14: Фикс прайс к.мяготина 180*2 | C14: 4.14 | D14: 2 | E14: 0 | F14: 0 | G14: 0 | H14: 0 | I14: 1
A15: 10 | B15: чунунок к. Мяготина-1x180 | C15: 2.07 | D15: 1 | E15: 0 | F15: 0 | G15: 0 | H15: 0 | I15: 1
A16: 10 | B16: чунунок к. Мяготина-2x180 | C16: 4.14 | D16: 2 | E16: 0 | F16: 0 | G16: 0 | H16: 0 | I16: 1
A17: 10.5 | B17: магнит красина 180 | C17: 2.07 | D17: 1 | E17: 0 | F17: 0 | G17: 0 | H17: 0 | I17: 1
A18: 11 | B18: Аптека гоголя 9-150 | C18: 1.275 | D18: 0 | E18: 1 | F18: 0 | G18: 0 | H18: 0 | I18: 1
A19: 12 | B19: велес юбилейный-150 новый | C19: 1.275 | D19: 0 | E19: 1 | F19: 0 | G19: 0 | H19: 0 | I19: 1
A20: 13 | B20: Инвитро юбилейный 180 | C20: 2.07 | D20: 1 | E20: 0 | F20: 0 | G20: 0 | H20: 0 | I20: 1
A21: 14 | B21: пальмира юбилейный-180 НОВЫЙ | C21: 2.07 | D21: 1 | E21: 0 | F21: 0 | G21: 0 | H21: 0 | I21: 1
A22: 16 | B22: Монетка пушкина 49-180 | C22: 2.07 | D22: 1 | E22: 0 | F22: 0 | G22: 0 | H22: 0 | I22: 1
A23: 17 | B23: метрополис Москва-2х180 | C23: 4.14 | D23: 2 | E23: 0 | F23: 0 | G23: 0 | H23: 0 | I23: 1
A24: 18 | B24: Тп 2х180 | C24: 4.14 | D24: 2 | E24: 0 | F24: 0 | G24: 0 | H24: 0 | I24: 1
A25: 19 | B25: Монетка красина 180 | C25: 2.07 | D25: 1 | E25: 0 | F25: 0 | G25: 0 | H25: 0 | I25: 1
... A32: 23.5 | B32: Инвитро пушкина 189-2х150 | C32: 1.275 | D32: 0 | E32: 2 | F32: 0 | G32: 0 | H32: 0 | I32: 1
C33: =SUM(C1:C32) -> 78.525
A35: 23.6 | B35: Монетка гоголя 103 -180 | C35: 2.07 | D35: 1 | E35: 0 | F35: 0 | G35: 0 | H35: 0 | I35: 1
A36: 23.7 | B36: мтс Пушкина 167- 150 | C36: 1.275 | D36: 0 | E36: 1 | F36: 0 | G36: 0 | H36: 0 | I36: 1
A37: 23.8 | B37: Инвитро ленина-2х150 новые стелим на себя | C37: 2.55 | D37: 0 | E37: 2 | F37: 0 | G37: 0 | H37: 0 | I37: 1
A38: 24 | B38: Магнит Володарского 180 | C38: 2.07 | D38: 1 | E38: 0 | F38: 0 | G38: 0 | H38: 0 | I38: 1
A39: 25 | B39: Магнит К.маркса 180 | C39: 2.07 | D39: 1 | E39: 0 | F39: 0 | G39: 0 | H39: 0 | I39: 1
A40: 26 | B40: Мясной к. маркса 150 рез | C40: 1.275 | D40: 0 | E40: 1 | F40: 0 | G40: 0 | H40: 0 | I40: 1
A41: 27 | B41: Альфа мед к.маркса -2х180,(ц.зд. Женщины, кометология) | C41: 4.14 | D41: 2 | E41: 0 | F41: 0 | G41: 0 | H41: 0 | I41: 1
A42: 28 | B42: Томография К. маркса | C42: 1.275 | D42: 0 | E42: 1 | F42: 0 | G42: 0 | H42: 0 | I42: 1
A43: 33 | B43: М.горького 40 180*2 | C43: 4.14 | D43: 2 | E43: 0 | F43: 0 | G43: 0 | H43: 0 | I43: 1
A44: 33.1 | B44: Друзья друзей 2х150 | C44: 2.55 | D44: 2 | E44: 0 | F44: 0 | G44: 0 | H44: 0 | I44: 1
A45: 33.2 | B45: Буше горького 150 | C45: 1.275 | D45: 0 | E45: 1 | F45: 0 | G45: 0 | H45: 0 | I45: 1
A46: 60 | B46: пальмира Ленина 5- 200 новый 150 нов | C46: 3.345 | D46: 1 | E46: 1 | F46: 0 | G46: 0 | H46: 0 | I46: 1
... A57: 73 | B57: Пальмира гоголя 150 | C57: 1.275 | D57: 0 | E57: 1 | F57: 0 | G57: 0 | H57: 0 | I57: 1
A58: 76 | B58: Велес дзержинского 180 | D58: 1 | E58: 0 | F58: 0 | G58: 0 | H58: 0 | I58: 1
A59: 77 | B59: Кижк 400 рез, 180 | D59: 1 | E59: 0 | F59: 0 | G59: 1 | H59: 0 | I59: 1
B60: 0 | C60: =SUM(C35:C59) -> 49.237 | D60: 180 | E60: 150 | F60: рез | G60: 400 | H60: 250 | I60: пт
C62: =C60+C33 -> 127.762
B64: Теле 2 машиностроителей 3а 150 | C64: 1.275
B65: дом хлеба Машиностроителей 150 | C65: 1.275
B66: Компас рыбацкий Машиностр, 1 400 2шт рез | C66: 6
B67: Хлеб да мясо Некрасова, 1 150 | C67: 1.275
C68: =SUM(C64:C67) -> 9.825
